  [1m[35m (0.3ms)[0m  [1m[35mCREATE TABLE "schema_migrations" ("version" varchar NOT NULL PRIMARY KEY) /*application='Backend'*/[0m
  [1m[35m (0.1ms)[0m  [1m[35mCREATE TABLE "ar_internal_metadata" ("key" varchar NOT NULL PRIMARY KEY, "value" varchar, "created_at" datetime(6) NOT NULL, "updated_at" datetime(6) NOT NULL) /*application='Backend'*/[0m
  [1m[36mActiveRecord::InternalMetadata Load (0.1ms)[0m  [1m[34mSELECT * FROM "ar_internal_metadata" WHERE "ar_internal_metadata"."key" = 'environment' ORDER BY "ar_internal_metadata"."key" ASC LIMIT 1 /*application='Backend'*/[0m
  [1m[36mActiveRecord::InternalMetadata Create (0.1ms)[0m  [1m[32mINSERT INTO "ar_internal_metadata" ("key", "value", "created_at", "updated_at") VALUES ('environment', 'development', '2025-07-07 08:32:14.559134', '2025-07-07 08:32:14.559136') RETURNING "key" /*application='Backend'*/[0m
  [1m[36mActiveRecord::SchemaMigration Load (0.0ms)[0m  [1m[34mSELECT "schema_migrations"."version" FROM "schema_migrations" ORDER BY "schema_migrations"."version" ASC /*application='Backend'*/[0m
Migrating to CreatePhotos (20250707083214)
  [1m[36mTRANSACTION (0.0ms)[0m  [1m[35mBEGIN immediate TRANSACTION /*application='Backend'*/[0m
  [1m[35m (0.4ms)[0m  [1m[35mCREATE TABLE "photos" ("id" integer PRIMARY KEY AUTOINCREMENT NOT NULL, "title" varchar, "image_url" varchar, "category" varchar, "created_at" datetime(6) NOT NULL, "updated_at" datetime(6) NOT NULL) /*application='Backend'*/[0m
  [1m[36mActiveRecord::SchemaMigration Create (0.0ms)[0m  [1m[32mINSERT INTO "schema_migrations" ("version") VALUES ('20250707083214') RETURNING "version" /*application='Backend'*/[0m
  [1m[36mTRANSACTION (0.0ms)[0m  [1m[35mCOMMIT TRANSACTION /*application='Backend'*/[0m
  [1m[36mActiveRecord::SchemaMigration Load (0.0ms)[0m  [1m[34mSELECT "schema_migrations"."version" FROM "schema_migrations" ORDER BY "schema_migrations"."version" ASC /*application='Backend'*/[0m
  [1m[36mActiveRecord::SchemaMigration Load (0.1ms)[0m  [1m[34mSELECT "schema_migrations"."version" FROM "schema_migrations" ORDER BY "schema_migrations"."version" ASC /*application='Backend'*/[0m
  [1m[36mActiveRecord::SchemaMigration Load (0.1ms)[0m  [1m[34mSELECT "schema_migrations"."version" FROM "schema_migrations" ORDER BY "schema_migrations"."version" ASC /*application='Backend'*/[0m
  [1m[36mTRANSACTION (0.0ms)[0m  [1m[35mBEGIN immediate TRANSACTION /*application='Backend'*/[0m
  [1m[36mPhoto Create (0.7ms)[0m  [1m[32mINSERT INTO "photos" ("title", "image_url", "category", "created_at", "updated_at") VALUES ('Scotch Eggs', 'https://source.unsplash.com/400x300/?food,97', 'Pizza', '2025-07-07 08:36:17.634949', '2025-07-07 08:36:17.634949') RETURNING "id" /*application='Backend'*/[0m
  [1m[36mTRANSACTION (0.2ms)[0m  [1m[35mCOMMIT TRANSACTION /*application='Backend'*/[0m
  [1m[36mTRANSACTION (0.0ms)[0m  [1m[35mBEGIN immediate TRANSACTION /*application='Backend'*/[0m
  [1m[36mPhoto Create (0.4ms)[0m  [1m[32mINSERT INTO "photos" ("title", "image_url", "category", "created_at", "updated_at") VALUES ('Poutine', 'https://source.unsplash.com/400x300/?food,13', 'Dessert', '2025-07-07 08:36:17.636968', '2025-07-07 08:36:17.636968') RETURNING "id" /*application='Backend'*/[0m
  [1m[36mTRANSACTION (0.0ms)[0m  [1m[35mCOMMIT TRANSACTION /*application='Backend'*/[0m
  [1m[36mTRANSACTION (0.0ms)[0m  [1m[35mBEGIN immediate TRANSACTION /*application='Backend'*/[0m
  [1m[36mPhoto Create (0.4ms)[0m  [1m[32mINSERT INTO "photos" ("title", "image_url", "category", "created_at", "updated_at") VALUES ('Kebab', 'https://source.unsplash.com/400x300/?food,98', 'Dessert', '2025-07-07 08:36:17.638140', '2025-07-07 08:36:17.638140') RETURNING "id" /*application='Backend'*/[0m
  [1m[36mTRANSACTION (0.0ms)[0m  [1m[35mCOMMIT TRANSACTION /*application='Backend'*/[0m
  [1m[36mTRANSACTION (0.0ms)[0m  [1m[35mBEGIN immediate TRANSACTION /*application='Backend'*/[0m
  [1m[36mPhoto Create (0.4ms)[0m  [1m[32mINSERT INTO "photos" ("title", "image_url", "category", "created_at", "updated_at") VALUES ('Chicken Wings', 'https://source.unsplash.com/400x300/?food,87', 'Dessert', '2025-07-07 08:36:17.639273', '2025-07-07 08:36:17.639273') RETURNING "id" /*application='Backend'*/[0m
  [1m[36mTRANSACTION (0.0ms)[0m  [1m[35mCOMMIT TRANSACTION /*application='Backend'*/[0m
  [1m[36mTRANSACTION (0.0ms)[0m  [1m[35mBEGIN immediate TRANSACTION /*application='Backend'*/[0m
  [1m[36mPhoto Create (0.4ms)[0m  [1m[32mINSERT INTO "photos" ("title", "image_url", "category", "created_at", "updated_at") VALUES ('Fettuccine Alfredo', 'https://source.unsplash.com/400x300/?food,63', 'Sushi', '2025-07-07 08:36:17.640377', '2025-07-07 08:36:17.640377') RETURNING "id" /*application='Backend'*/[0m
  [1m[36mTRANSACTION (0.0ms)[0m  [1m[35mCOMMIT TRANSACTION /*application='Backend'*/[0m
  [1m[36mTRANSACTION (0.0ms)[0m  [1m[35mBEGIN immediate TRANSACTION /*application='Backend'*/[0m
  [1m[36mPhoto Create (0.4ms)[0m  [1m[32mINSERT INTO "photos" ("title", "image_url", "category", "created_at", "updated_at") VALUES ('Linguine with Clams', 'https://source.unsplash.com/400x300/?food,66', 'Sushi', '2025-07-07 08:36:17.641471', '2025-07-07 08:36:17.641471') RETURNING "id" /*application='Backend'*/[0m
  [1m[36mTRANSACTION (0.0ms)[0m  [1m[35mCOMMIT TRANSACTION /*application='Backend'*/[0m
  [1m[36mTRANSACTION (0.0ms)[0m  [1m[35mBEGIN immediate TRANSACTION /*application='Backend'*/[0m
  [1m[36mPhoto Create (0.4ms)[0m  [1m[32mINSERT INTO "photos" ("title", "image_url", "category", "created_at", "updated_at") VALUES ('Ebiten maki', 'https://source.unsplash.com/400x300/?food,65', 'Pizza', '2025-07-07 08:36:17.642637', '2025-07-07 08:36:17.642637') RETURNING "id" /*application='Backend'*/[0m
  [1m[36mTRANSACTION (0.0ms)[0m  [1m[35mCOMMIT TRANSACTION /*application='Backend'*/[0m
  [1m[36mTRANSACTION (0.0ms)[0m  [1m[35mBEGIN immediate TRANSACTION /*application='Backend'*/[0m
  [1m[36mPhoto Create (0.4ms)[0m  [1m[32mINSERT INTO "photos" ("title", "image_url", "category", "created_at", "updated_at") VALUES ('Katsu Curry', 'https://source.unsplash.com/400x300/?food,16', 'Pizza', '2025-07-07 08:36:17.643713', '2025-07-07 08:36:17.643713') RETURNING "id" /*application='Backend'*/[0m
  [1m[36mTRANSACTION (0.0ms)[0m  [1m[35mCOMMIT TRANSACTION /*application='Backend'*/[0m
  [1m[36mTRANSACTION (0.0ms)[0m  [1m[35mBEGIN immediate TRANSACTION /*application='Backend'*/[0m
  [1m[36mPhoto Create (0.4ms)[0m  [1m[32mINSERT INTO "photos" ("title", "image_url", "category", "created_at", "updated_at") VALUES ('Poke', 'https://source.unsplash.com/400x300/?food,87', 'Sushi', '2025-07-07 08:36:17.644875', '2025-07-07 08:36:17.644875') RETURNING "id" /*application='Backend'*/[0m
  [1m[36mTRANSACTION (0.0ms)[0m  [1m[35mCOMMIT TRANSACTION /*application='Backend'*/[0m
  [1m[36mTRANSACTION (0.0ms)[0m  [1m[35mBEGIN immediate TRANSACTION /*application='Backend'*/[0m
  [1m[36mPhoto Create (0.4ms)[0m  [1m[32mINSERT INTO "photos" ("title", "image_url", "category", "created_at", "updated_at") VALUES ('Som Tam', 'https://source.unsplash.com/400x300/?food,0', 'Ramen', '2025-07-07 08:36:17.646022', '2025-07-07 08:36:17.646022') RETURNING "id" /*application='Backend'*/[0m
  [1m[36mTRANSACTION (0.0ms)[0m  [1m[35mCOMMIT TRANSACTION /*application='Backend'*/[0m
Started GET "/api/v1/photos%0A" for ::1 at 2025-07-07 15:44:56 +0700
  [1m[36mActiveRecord::SchemaMigration Load (0.1ms)[0m  [1m[34mSELECT "schema_migrations"."version" FROM "schema_migrations" ORDER BY "schema_migrations"."version" ASC /*application='Backend'*/[0m
  
ActionController::RoutingError (No route matches [GET] "/api/v1/photos%0A"):
  
Started GET "/api/v1/photos" for ::1 at 2025-07-07 15:45:35 +0700
Processing by Api::V1::PhotosController#index as */*
  [1m[36mPhoto Load (1.7ms)[0m  [1m[34mSELECT "photos".* FROM "photos" /*action='index',application='Backend',controller='photos'*/[0m
  ↳ app/controllers/api/v1/photos_controller.rb:9:in `index'
Completed 200 OK in 66ms (Views: 20.7ms | ActiveRecord: 3.2ms (1 query, 0 cached) | GC: 11.7ms)


  [1m[36mPhoto Delete All (0.4ms)[0m  [1m[31mDELETE FROM "photos" /*application='Backend'*/[0m
  [1m[36mActiveRecord::SchemaMigration Load (0.1ms)[0m  [1m[34mSELECT "schema_migrations"."version" FROM "schema_migrations" ORDER BY "schema_migrations"."version" ASC /*application='Backend'*/[0m
  [1m[36mTRANSACTION (0.0ms)[0m  [1m[35mBEGIN immediate TRANSACTION /*application='Backend'*/[0m
  [1m[36mPhoto Create (0.7ms)[0m  [1m[32mINSERT INTO "photos" ("title", "image_url", "category", "created_at", "updated_at") VALUES ('Burger1', 'https://kothihaaung.github.io/assets/images/food/burger1.jpg', 'Burger', '2025-07-07 09:40:12.394793', '2025-07-07 09:40:12.394793') RETURNING "id" /*application='Backend'*/[0m
  [1m[36mTRANSACTION (0.2ms)[0m  [1m[35mCOMMIT TRANSACTION /*application='Backend'*/[0m
  [1m[36mTRANSACTION (0.0ms)[0m  [1m[35mBEGIN immediate TRANSACTION /*application='Backend'*/[0m
  [1m[36mPhoto Create (0.4ms)[0m  [1m[32mINSERT INTO "photos" ("title", "image_url", "category", "created_at", "updated_at") VALUES ('Burger2', 'https://kothihaaung.github.io/assets/images/food/burger2.jpg', 'Burger', '2025-07-07 09:40:12.396618', '2025-07-07 09:40:12.396618') RETURNING "id" /*application='Backend'*/[0m
  [1m[36mTRANSACTION (0.0ms)[0m  [1m[35mCOMMIT TRANSACTION /*application='Backend'*/[0m
  [1m[36mTRANSACTION (0.0ms)[0m  [1m[35mBEGIN immediate TRANSACTION /*application='Backend'*/[0m
  [1m[36mPhoto Create (5.2ms)[0m  [1m[32mINSERT INTO "photos" ("title", "image_url", "category", "created_at", "updated_at") VALUES ('Burger3', 'https://kothihaaung.github.io/assets/images/food/burger3.jpg', 'Burger', '2025-07-07 09:40:12.397685', '2025-07-07 09:40:12.397685') RETURNING "id" /*application='Backend'*/[0m
  [1m[36mTRANSACTION (0.0ms)[0m  [1m[35mCOMMIT TRANSACTION /*application='Backend'*/[0m
  [1m[36mTRANSACTION (0.0ms)[0m  [1m[35mBEGIN immediate TRANSACTION /*application='Backend'*/[0m
  [1m[36mPhoto Create (0.4ms)[0m  [1m[32mINSERT INTO "photos" ("title", "image_url", "category", "created_at", "updated_at") VALUES ('Cookie1', 'https://kothihaaung.github.io/assets/images/food/cookie1.jpg', 'Cookie', '2025-07-07 09:40:12.403734', '2025-07-07 09:40:12.403734') RETURNING "id" /*application='Backend'*/[0m
  [1m[36mTRANSACTION (0.0ms)[0m  [1m[35mCOMMIT TRANSACTION /*application='Backend'*/[0m
  [1m[36mTRANSACTION (0.0ms)[0m  [1m[35mBEGIN immediate TRANSACTION /*application='Backend'*/[0m
  [1m[36mPhoto Create (0.4ms)[0m  [1m[32mINSERT INTO "photos" ("title", "image_url", "category", "created_at", "updated_at") VALUES ('Fish1', 'https://kothihaaung.github.io/assets/images/food/fish1.jpg', 'Fish', '2025-07-07 09:40:12.405097', '2025-07-07 09:40:12.405097') RETURNING "id" /*application='Backend'*/[0m
  [1m[36mTRANSACTION (0.0ms)[0m  [1m[35mCOMMIT TRANSACTION /*application='Backend'*/[0m
  [1m[36mTRANSACTION (0.0ms)[0m  [1m[35mBEGIN immediate TRANSACTION /*application='Backend'*/[0m
  [1m[36mPhoto Create (0.6ms)[0m  [1m[32mINSERT INTO "photos" ("title", "image_url", "category", "created_at", "updated_at") VALUES ('Grill1', 'https://kothihaaung.github.io/assets/images/food/grill1.jpg', 'Grill', '2025-07-07 09:40:12.406303', '2025-07-07 09:40:12.406303') RETURNING "id" /*application='Backend'*/[0m
  [1m[36mTRANSACTION (0.0ms)[0m  [1m[35mCOMMIT TRANSACTION /*application='Backend'*/[0m
  [1m[36mTRANSACTION (0.0ms)[0m  [1m[35mBEGIN immediate TRANSACTION /*application='Backend'*/[0m
  [1m[36mPhoto Create (0.5ms)[0m  [1m[32mINSERT INTO "photos" ("title", "image_url", "category", "created_at", "updated_at") VALUES ('Ice-cream1', 'https://kothihaaung.github.io/assets/images/food/ice-cream1.jpg', 'Ice cream', '2025-07-07 09:40:12.407604', '2025-07-07 09:40:12.407604') RETURNING "id" /*application='Backend'*/[0m
  [1m[36mTRANSACTION (0.0ms)[0m  [1m[35mCOMMIT TRANSACTION /*application='Backend'*/[0m
  [1m[36mTRANSACTION (0.0ms)[0m  [1m[35mBEGIN immediate TRANSACTION /*application='Backend'*/[0m
  [1m[36mPhoto Create (0.4ms)[0m  [1m[32mINSERT INTO "photos" ("title", "image_url", "category", "created_at", "updated_at") VALUES ('Ice-cream2', 'https://kothihaaung.github.io/assets/images/food/ice-cream2.jpg', 'Ice cream', '2025-07-07 09:40:12.408745', '2025-07-07 09:40:12.408745') RETURNING "id" /*application='Backend'*/[0m
  [1m[36mTRANSACTION (0.0ms)[0m  [1m[35mCOMMIT TRANSACTION /*application='Backend'*/[0m
  [1m[36mTRANSACTION (0.0ms)[0m  [1m[35mBEGIN immediate TRANSACTION /*application='Backend'*/[0m
  [1m[36mPhoto Create (0.4ms)[0m  [1m[32mINSERT INTO "photos" ("title", "image_url", "category", "created_at", "updated_at") VALUES ('Ice-cream3', 'https://kothihaaung.github.io/assets/images/food/ice-cream3.jpg', 'Ice cream', '2025-07-07 09:40:12.409779', '2025-07-07 09:40:12.409779') RETURNING "id" /*application='Backend'*/[0m
  [1m[36mTRANSACTION (0.0ms)[0m  [1m[35mCOMMIT TRANSACTION /*application='Backend'*/[0m
  [1m[36mTRANSACTION (0.0ms)[0m  [1m[35mBEGIN immediate TRANSACTION /*application='Backend'*/[0m
  [1m[36mPhoto Create (0.4ms)[0m  [1m[32mINSERT INTO "photos" ("title", "image_url", "category", "created_at", "updated_at") VALUES ('Pan-cake1', 'https://kothihaaung.github.io/assets/images/food/pan-cake1.jpg', 'Pan cake', '2025-07-07 09:40:12.410811', '2025-07-07 09:40:12.410811') RETURNING "id" /*application='Backend'*/[0m
  [1m[36mTRANSACTION (0.0ms)[0m  [1m[35mCOMMIT TRANSACTION /*application='Backend'*/[0m
  [1m[36mTRANSACTION (0.0ms)[0m  [1m[35mBEGIN immediate TRANSACTION /*application='Backend'*/[0m
  [1m[36mPhoto Create (0.4ms)[0m  [1m[32mINSERT INTO "photos" ("title", "image_url", "category", "created_at", "updated_at") VALUES ('Pasta1', 'https://kothihaaung.github.io/assets/images/food/pasta1.jpg', 'Pasta', '2025-07-07 09:40:12.411838', '2025-07-07 09:40:12.411838') RETURNING "id" /*application='Backend'*/[0m
  [1m[36mTRANSACTION (0.0ms)[0m  [1m[35mCOMMIT TRANSACTION /*application='Backend'*/[0m
  [1m[36mTRANSACTION (0.0ms)[0m  [1m[35mBEGIN immediate TRANSACTION /*application='Backend'*/[0m
  [1m[36mPhoto Create (0.4ms)[0m  [1m[32mINSERT INTO "photos" ("title", "image_url", "category", "created_at", "updated_at") VALUES ('Pasta2', 'https://kothihaaung.github.io/assets/images/food/pasta2.jpg', 'Pasta', '2025-07-07 09:40:12.412862', '2025-07-07 09:40:12.412862') RETURNING "id" /*application='Backend'*/[0m
  [1m[36mTRANSACTION (0.0ms)[0m  [1m[35mCOMMIT TRANSACTION /*application='Backend'*/[0m
  [1m[36mTRANSACTION (0.0ms)[0m  [1m[35mBEGIN immediate TRANSACTION /*application='Backend'*/[0m
  [1m[36mPhoto Create (0.5ms)[0m  [1m[32mINSERT INTO "photos" ("title", "image_url", "category", "created_at", "updated_at") VALUES ('Pizza1', 'https://kothihaaung.github.io/assets/images/food/pizza1.jpg', 'Pizza', '2025-07-07 09:40:12.413943', '2025-07-07 09:40:12.413943') RETURNING "id" /*application='Backend'*/[0m
  [1m[36mTRANSACTION (0.0ms)[0m  [1m[35mCOMMIT TRANSACTION /*application='Backend'*/[0m
  [1m[36mTRANSACTION (0.0ms)[0m  [1m[35mBEGIN immediate TRANSACTION /*application='Backend'*/[0m
  [1m[36mPhoto Create (0.4ms)[0m  [1m[32mINSERT INTO "photos" ("title", "image_url", "category", "created_at", "updated_at") VALUES ('Pizza2', 'https://kothihaaung.github.io/assets/images/food/pizza2.jpg', 'Pizza', '2025-07-07 09:40:12.415484', '2025-07-07 09:40:12.415484') RETURNING "id" /*application='Backend'*/[0m
  [1m[36mTRANSACTION (0.0ms)[0m  [1m[35mCOMMIT TRANSACTION /*application='Backend'*/[0m
  [1m[36mTRANSACTION (0.0ms)[0m  [1m[35mBEGIN immediate TRANSACTION /*application='Backend'*/[0m
  [1m[36mPhoto Create (0.4ms)[0m  [1m[32mINSERT INTO "photos" ("title", "image_url", "category", "created_at", "updated_at") VALUES ('Pizza3', 'https://kothihaaung.github.io/assets/images/food/pizza3.jpg', 'Pizza', '2025-07-07 09:40:12.416860', '2025-07-07 09:40:12.416860') RETURNING "id" /*application='Backend'*/[0m
  [1m[36mTRANSACTION (0.0ms)[0m  [1m[35mCOMMIT TRANSACTION /*application='Backend'*/[0m
  [1m[36mTRANSACTION (0.0ms)[0m  [1m[35mBEGIN immediate TRANSACTION /*application='Backend'*/[0m
  [1m[36mPhoto Create (0.5ms)[0m  [1m[32mINSERT INTO "photos" ("title", "image_url", "category", "created_at", "updated_at") VALUES ('Ramen1', 'https://kothihaaung.github.io/assets/images/food/ramen1.jpg', 'Ramen', '2025-07-07 09:40:12.423140', '2025-07-07 09:40:12.423140') RETURNING "id" /*application='Backend'*/[0m
  [1m[36mTRANSACTION (0.0ms)[0m  [1m[35mCOMMIT TRANSACTION /*application='Backend'*/[0m
  [1m[36mTRANSACTION (0.0ms)[0m  [1m[35mBEGIN immediate TRANSACTION /*application='Backend'*/[0m
  [1m[36mPhoto Create (0.4ms)[0m  [1m[32mINSERT INTO "photos" ("title", "image_url", "category", "created_at", "updated_at") VALUES ('Sushi1', 'https://kothihaaung.github.io/assets/images/food/sushi1.jpg', 'Sushi', '2025-07-07 09:40:12.424495', '2025-07-07 09:40:12.424495') RETURNING "id" /*application='Backend'*/[0m
  [1m[36mTRANSACTION (0.0ms)[0m  [1m[35mCOMMIT TRANSACTION /*application='Backend'*/[0m
  [1m[36mTRANSACTION (0.0ms)[0m  [1m[35mBEGIN immediate TRANSACTION /*application='Backend'*/[0m
  [1m[36mPhoto Create (0.6ms)[0m  [1m[32mINSERT INTO "photos" ("title", "image_url", "category", "created_at", "updated_at") VALUES ('Sushi2', 'https://kothihaaung.github.io/assets/images/food/sushi2.jpg', 'Sushi', '2025-07-07 09:40:12.425626', '2025-07-07 09:40:12.425626') RETURNING "id" /*application='Backend'*/[0m
  [1m[36mTRANSACTION (0.0ms)[0m  [1m[35mCOMMIT TRANSACTION /*application='Backend'*/[0m
  [1m[36mTRANSACTION (0.0ms)[0m  [1m[35mBEGIN immediate TRANSACTION /*application='Backend'*/[0m
  [1m[36mPhoto Create (0.4ms)[0m  [1m[32mINSERT INTO "photos" ("title", "image_url", "category", "created_at", "updated_at") VALUES ('Sushi3', 'https://kothihaaung.github.io/assets/images/food/sushi3.jpg', 'Sushi', '2025-07-07 09:40:12.426982', '2025-07-07 09:40:12.426982') RETURNING "id" /*application='Backend'*/[0m
  [1m[36mTRANSACTION (0.0ms)[0m  [1m[35mCOMMIT TRANSACTION /*application='Backend'*/[0m
  [1m[36mTRANSACTION (0.0ms)[0m  [1m[35mBEGIN immediate TRANSACTION /*application='Backend'*/[0m
  [1m[36mPhoto Create (0.4ms)[0m  [1m[32mINSERT INTO "photos" ("title", "image_url", "category", "created_at", "updated_at") VALUES ('Taco1', 'https://kothihaaung.github.io/assets/images/food/taco1.jpg', 'Taco', '2025-07-07 09:40:12.428091', '2025-07-07 09:40:12.428091') RETURNING "id" /*application='Backend'*/[0m
  [1m[36mTRANSACTION (0.0ms)[0m  [1m[35mCOMMIT TRANSACTION /*application='Backend'*/[0m
  [1m[36mTRANSACTION (0.0ms)[0m  [1m[35mBEGIN immediate TRANSACTION /*application='Backend'*/[0m
  [1m[36mPhoto Create (0.6ms)[0m  [1m[32mINSERT INTO "photos" ("title", "image_url", "category", "created_at", "updated_at") VALUES ('Toast1', 'https://kothihaaung.github.io/assets/images/food/toast1.jpg', 'Toast', '2025-07-07 09:40:12.429171', '2025-07-07 09:40:12.429171') RETURNING "id" /*application='Backend'*/[0m
  [1m[36mTRANSACTION (0.0ms)[0m  [1m[35mCOMMIT TRANSACTION /*application='Backend'*/[0m
Started GET "/api/v1/photos" for ::1 at 2025-07-07 16:40:34 +0700
  [1m[36mActiveRecord::SchemaMigration Load (0.1ms)[0m  [1m[34mSELECT "schema_migrations"."version" FROM "schema_migrations" ORDER BY "schema_migrations"."version" ASC /*application='Backend'*/[0m
Processing by Api::V1::PhotosController#index as */*
  [1m[36mPhoto Load (0.8ms)[0m  [1m[34mSELECT "photos".* FROM "photos" /*action='index',application='Backend',controller='photos'*/[0m
  ↳ app/controllers/api/v1/photos_controller.rb:9:in `index'
Completed 200 OK in 13ms (Views: 3.5ms | ActiveRecord: 1.3ms (1 query, 0 cached) | GC: 0.0ms)


  [1m[36mActiveRecord::SchemaMigration Load (0.2ms)[0m  [1m[34mSELECT "schema_migrations"."version" FROM "schema_migrations" ORDER BY "schema_migrations"."version" ASC /*application='Backend'*/[0m
  [1m[36mPhoto Delete All (0.4ms)[0m  [1m[31mDELETE FROM "photos" /*application='Backend'*/[0m
  [1m[36mActiveRecord::InternalMetadata Load (0.2ms)[0m  [1m[34mSELECT * FROM "ar_internal_metadata" WHERE "ar_internal_metadata"."key" = 'environment' ORDER BY "ar_internal_metadata"."key" ASC LIMIT 1 /*application='Backend'*/[0m
  [1m[36mActiveRecord::SchemaMigration Load (0.0ms)[0m  [1m[34mSELECT "schema_migrations"."version" FROM "schema_migrations" ORDER BY "schema_migrations"."version" ASC /*application='Backend'*/[0m
Migrating to AddPhotographerToPhotos (20250707095850)
  [1m[36mTRANSACTION (0.0ms)[0m  [1m[35mBEGIN immediate TRANSACTION /*application='Backend'*/[0m
  [1m[35m (0.8ms)[0m  [1m[35mALTER TABLE "photos" ADD "photographer" varchar /*application='Backend'*/[0m
  [1m[36mActiveRecord::SchemaMigration Create (0.0ms)[0m  [1m[32mINSERT INTO "schema_migrations" ("version") VALUES ('20250707095850') RETURNING "version" /*application='Backend'*/[0m
  [1m[36mTRANSACTION (0.2ms)[0m  [1m[35mCOMMIT TRANSACTION /*application='Backend'*/[0m
  [1m[36mActiveRecord::SchemaMigration Load (0.0ms)[0m  [1m[34mSELECT "schema_migrations"."version" FROM "schema_migrations" ORDER BY "schema_migrations"."version" ASC /*application='Backend'*/[0m
  [1m[36mActiveRecord::SchemaMigration Load (0.3ms)[0m  [1m[34mSELECT "schema_migrations"."version" FROM "schema_migrations" ORDER BY "schema_migrations"."version" ASC /*application='Backend'*/[0m
  [1m[36mPhoto Delete All (0.4ms)[0m  [1m[31mDELETE FROM "photos" /*application='Backend'*/[0m
  [1m[36mTRANSACTION (0.0ms)[0m  [1m[35mBEGIN immediate TRANSACTION /*application='Backend'*/[0m
  [1m[36mPhoto Create (0.7ms)[0m  [1m[32mINSERT INTO "photos" ("title", "image_url", "category", "created_at", "updated_at", "photographer") VALUES ('Golden Crispy Delight', 'https://kothihaaung.github.io/assets/images/food/burger1.jpg', 'Burger', '2025-07-07 09:59:29.091377', '2025-07-07 09:59:29.091377', 'Noah Tanaka') RETURNING "id" /*application='Backend'*/[0m
  [1m[36mTRANSACTION (0.0ms)[0m  [1m[35mCOMMIT TRANSACTION /*application='Backend'*/[0m
  [1m[36mTRANSACTION (0.0ms)[0m  [1m[35mBEGIN immediate TRANSACTION /*application='Backend'*/[0m
  [1m[36mPhoto Create (0.4ms)[0m  [1m[32mINSERT INTO "photos" ("title", "image_url", "category", "created_at", "updated_at", "photographer") VALUES ('Midnight Snack Attack', 'https://kothihaaung.github.io/assets/images/food/burger2.jpg', 'Burger', '2025-07-07 09:59:29.093052', '2025-07-07 09:59:29.093052', 'Ava Smith') RETURNING "id" /*application='Backend'*/[0m
  [1m[36mTRANSACTION (0.0ms)[0m  [1m[35mCOMMIT TRANSACTION /*application='Backend'*/[0m
  [1m[36mTRANSACTION (0.0ms)[0m  [1m[35mBEGIN immediate TRANSACTION /*application='Backend'*/[0m
  [1m[36mPhoto Create (0.5ms)[0m  [1m[32mINSERT INTO "photos" ("title", "image_url", "category", "created_at", "updated_at", "photographer") VALUES ('Flavors of the East', 'https://kothihaaung.github.io/assets/images/food/burger3.jpg', 'Burger', '2025-07-07 09:59:29.099134', '2025-07-07 09:59:29.099134', 'Emily Tran') RETURNING "id" /*application='Backend'*/[0m
  [1m[36mTRANSACTION (0.0ms)[0m  [1m[35mCOMMIT TRANSACTION /*application='Backend'*/[0m
  [1m[36mTRANSACTION (0.0ms)[0m  [1m[35mBEGIN immediate TRANSACTION /*application='Backend'*/[0m
  [1m[36mPhoto Create (0.4ms)[0m  [1m[32mINSERT INTO "photos" ("title", "image_url", "category", "created_at", "updated_at", "photographer") VALUES ('Sweet Tooth Fantasy', 'https://kothihaaung.github.io/assets/images/food/cookie1.jpg', 'Cookie', '2025-07-07 09:59:29.100414', '2025-07-07 09:59:29.100414', 'Noah Tanaka') RETURNING "id" /*application='Backend'*/[0m
  [1m[36mTRANSACTION (0.0ms)[0m  [1m[35mCOMMIT TRANSACTION /*application='Backend'*/[0m
  [1m[36mTRANSACTION (0.0ms)[0m  [1m[35mBEGIN immediate TRANSACTION /*application='Backend'*/[0m
  [1m[36mPhoto Create (0.6ms)[0m  [1m[32mINSERT INTO "photos" ("title", "image_url", "category", "created_at", "updated_at", "photographer") VALUES ('Charred to Perfection', 'https://kothihaaung.github.io/assets/images/food/fish1.jpg', 'Fish', '2025-07-07 09:59:29.101468', '2025-07-07 09:59:29.101468', 'Isabella Nguyen') RETURNING "id" /*application='Backend'*/[0m
  [1m[36mTRANSACTION (0.0ms)[0m  [1m[35mCOMMIT TRANSACTION /*application='Backend'*/[0m
  [1m[36mTRANSACTION (0.0ms)[0m  [1m[35mBEGIN immediate TRANSACTION /*application='Backend'*/[0m
  [1m[36mPhoto Create (0.5ms)[0m  [1m[32mINSERT INTO "photos" ("title", "image_url", "category", "created_at", "updated_at", "photographer") VALUES ('Ocean on a Plate', 'https://kothihaaung.github.io/assets/images/food/grill1.jpg', 'Grill', '2025-07-07 09:59:29.103069', '2025-07-07 09:59:29.103069', 'Noah Tanaka') RETURNING "id" /*application='Backend'*/[0m
  [1m[36mTRANSACTION (0.0ms)[0m  [1m[35mCOMMIT TRANSACTION /*application='Backend'*/[0m
  [1m[36mTRANSACTION (0.0ms)[0m  [1m[35mBEGIN immediate TRANSACTION /*application='Backend'*/[0m
  [1m[36mPhoto Create (0.4ms)[0m  [1m[32mINSERT INTO "photos" ("title", "image_url", "category", "created_at", "updated_at", "photographer") VALUES ('Melting Moments', 'https://kothihaaung.github.io/assets/images/food/ice-cream1.jpg', 'Ice cream', '2025-07-07 09:59:29.104320', '2025-07-07 09:59:29.104320', 'Ethan Becker') RETURNING "id" /*application='Backend'*/[0m
  [1m[36mTRANSACTION (0.0ms)[0m  [1m[35mCOMMIT TRANSACTION /*application='Backend'*/[0m
  [1m[36mTRANSACTION (0.0ms)[0m  [1m[35mBEGIN immediate TRANSACTION /*application='Backend'*/[0m
  [1m[36mPhoto Create (0.4ms)[0m  [1m[32mINSERT INTO "photos" ("title", "image_url", "category", "created_at", "updated_at", "photographer") VALUES ('Piled High & Proud', 'https://kothihaaung.github.io/assets/images/food/ice-cream2.jpg', 'Ice cream', '2025-07-07 09:59:29.105385', '2025-07-07 09:59:29.105385', 'Sophie Mehta') RETURNING "id" /*application='Backend'*/[0m
  [1m[36mTRANSACTION (0.0ms)[0m  [1m[35mCOMMIT TRANSACTION /*application='Backend'*/[0m
  [1m[36mTRANSACTION (0.0ms)[0m  [1m[35mBEGIN immediate TRANSACTION /*application='Backend'*/[0m
  [1m[36mPhoto Create (0.4ms)[0m  [1m[32mINSERT INTO "photos" ("title", "image_url", "category", "created_at", "updated_at", "photographer") VALUES ('Dreamy Dessert Daze', 'https://kothihaaung.github.io/assets/images/food/ice-cream3.jpg', 'Ice cream', '2025-07-07 09:59:29.106405', '2025-07-07 09:59:29.106405', 'Sophie Mehta') RETURNING "id" /*application='Backend'*/[0m
  [1m[36mTRANSACTION (0.0ms)[0m  [1m[35mCOMMIT TRANSACTION /*application='Backend'*/[0m
  [1m[36mTRANSACTION (0.0ms)[0m  [1m[35mBEGIN immediate TRANSACTION /*application='Backend'*/[0m
  [1m[36mPhoto Create (0.4ms)[0m  [1m[32mINSERT INTO "photos" ("title", "image_url", "category", "created_at", "updated_at", "photographer") VALUES ('Stacked Sunday Treats', 'https://kothihaaung.github.io/assets/images/food/pan-cake1.jpg', 'Pan cake', '2025-07-07 09:59:29.107443', '2025-07-07 09:59:29.107443', 'Isabella Nguyen') RETURNING "id" /*application='Backend'*/[0m
  [1m[36mTRANSACTION (0.0ms)[0m  [1m[35mCOMMIT TRANSACTION /*application='Backend'*/[0m
  [1m[36mTRANSACTION (0.0ms)[0m  [1m[35mBEGIN immediate TRANSACTION /*application='Backend'*/[0m
  [1m[36mPhoto Create (0.4ms)[0m  [1m[32mINSERT INTO "photos" ("title", "image_url", "category", "created_at", "updated_at", "photographer") VALUES ('A Taste of Italy', 'https://kothihaaung.github.io/assets/images/food/pasta1.jpg', 'Pasta', '2025-07-07 09:59:29.108482', '2025-07-07 09:59:29.108482', 'Noah Tanaka') RETURNING "id" /*application='Backend'*/[0m
  [1m[36mTRANSACTION (0.0ms)[0m  [1m[35mCOMMIT TRANSACTION /*application='Backend'*/[0m
  [1m[36mTRANSACTION (0.0ms)[0m  [1m[35mBEGIN immediate TRANSACTION /*application='Backend'*/[0m
  [1m[36mPhoto Create (0.4ms)[0m  [1m[32mINSERT INTO "photos" ("title", "image_url", "category", "created_at", "updated_at", "photographer") VALUES ('Noodle Nirvana', 'https://kothihaaung.github.io/assets/images/food/pasta2.jpg', 'Pasta', '2025-07-07 09:59:29.109854', '2025-07-07 09:59:29.109854', 'Oliver Li') RETURNING "id" /*application='Backend'*/[0m
  [1m[36mTRANSACTION (0.0ms)[0m  [1m[35mCOMMIT TRANSACTION /*application='Backend'*/[0m
  [1m[36mTRANSACTION (0.0ms)[0m  [1m[35mBEGIN immediate TRANSACTION /*application='Backend'*/[0m
  [1m[36mPhoto Create (0.4ms)[0m  [1m[32mINSERT INTO "photos" ("title", "image_url", "category", "created_at", "updated_at", "photographer") VALUES ('Slice of Heaven', 'https://kothihaaung.github.io/assets/images/food/pizza1.jpg', 'Pizza', '2025-07-07 09:59:29.111035', '2025-07-07 09:59:29.111035', 'Liam Wong') RETURNING "id" /*application='Backend'*/[0m
  [1m[36mTRANSACTION (0.0ms)[0m  [1m[35mCOMMIT TRANSACTION /*application='Backend'*/[0m
  [1m[36mTRANSACTION (0.0ms)[0m  [1m[35mBEGIN immediate TRANSACTION /*application='Backend'*/[0m
  [1m[36mPhoto Create (0.4ms)[0m  [1m[32mINSERT INTO "photos" ("title", "image_url", "category", "created_at", "updated_at", "photographer") VALUES ('Rolling in Flavor', 'https://kothihaaung.github.io/assets/images/food/pizza2.jpg', 'Pizza', '2025-07-07 09:59:29.112156', '2025-07-07 09:59:29.112156', 'Sophie Mehta') RETURNING "id" /*application='Backend'*/[0m
  [1m[36mTRANSACTION (0.0ms)[0m  [1m[35mCOMMIT TRANSACTION /*application='Backend'*/[0m
  [1m[36mTRANSACTION (0.0ms)[0m  [1m[35mBEGIN immediate TRANSACTION /*application='Backend'*/[0m
  [1m[36mPhoto Create (0.4ms)[0m  [1m[32mINSERT INTO "photos" ("title", "image_url", "category", "created_at", "updated_at", "photographer") VALUES ('Frosted Fun', 'https://kothihaaung.github.io/assets/images/food/pizza3.jpg', 'Pizza', '2025-07-07 09:59:29.113243', '2025-07-07 09:59:29.113243', 'Ethan Becker') RETURNING "id" /*application='Backend'*/[0m
  [1m[36mTRANSACTION (0.1ms)[0m  [1m[35mCOMMIT TRANSACTION /*application='Backend'*/[0m
  [1m[36mTRANSACTION (0.0ms)[0m  [1m[35mBEGIN immediate TRANSACTION /*application='Backend'*/[0m
  [1m[36mPhoto Create (0.4ms)[0m  [1m[32mINSERT INTO "photos" ("title", "image_url", "category", "created_at", "updated_at", "photographer") VALUES ('Street Food Magic', 'https://kothihaaung.github.io/assets/images/food/ramen1.jpg', 'Ramen', '2025-07-07 09:59:29.118721', '2025-07-07 09:59:29.118721', 'Emily Tran') RETURNING "id" /*application='Backend'*/[0m
  [1m[36mTRANSACTION (0.0ms)[0m  [1m[35mCOMMIT TRANSACTION /*application='Backend'*/[0m
  [1m[36mTRANSACTION (0.0ms)[0m  [1m[35mBEGIN immediate TRANSACTION /*application='Backend'*/[0m
  [1m[36mPhoto Create (0.4ms)[0m  [1m[32mINSERT INTO "photos" ("title", "image_url", "category", "created_at", "updated_at", "photographer") VALUES ('Crunchy & Creamy', 'https://kothihaaung.github.io/assets/images/food/sushi1.jpg', 'Sushi', '2025-07-07 09:59:29.119860', '2025-07-07 09:59:29.119860', 'Isabella Nguyen') RETURNING "id" /*application='Backend'*/[0m
  [1m[36mTRANSACTION (0.0ms)[0m  [1m[35mCOMMIT TRANSACTION /*application='Backend'*/[0m
  [1m[36mTRANSACTION (0.0ms)[0m  [1m[35mBEGIN immediate TRANSACTION /*application='Backend'*/[0m
  [1m[36mPhoto Create (0.4ms)[0m  [1m[32mINSERT INTO "photos" ("title", "image_url", "category", "created_at", "updated_at", "photographer") VALUES ('Pantry Gourmet', 'https://kothihaaung.github.io/assets/images/food/sushi2.jpg', 'Sushi', '2025-07-07 09:59:29.121120', '2025-07-07 09:59:29.121120', 'Ava Smith') RETURNING "id" /*application='Backend'*/[0m
  [1m[36mTRANSACTION (0.0ms)[0m  [1m[35mCOMMIT TRANSACTION /*application='Backend'*/[0m
  [1m[36mTRANSACTION (0.0ms)[0m  [1m[35mBEGIN immediate TRANSACTION /*application='Backend'*/[0m
  [1m[36mPhoto Create (0.4ms)[0m  [1m[32mINSERT INTO "photos" ("title", "image_url", "category", "created_at", "updated_at", "photographer") VALUES ('Classic Comfort', 'https://kothihaaung.github.io/assets/images/food/sushi3.jpg', 'Sushi', '2025-07-07 09:59:29.122158', '2025-07-07 09:59:29.122158', 'Noah Tanaka') RETURNING "id" /*application='Backend'*/[0m
  [1m[36mTRANSACTION (0.0ms)[0m  [1m[35mCOMMIT TRANSACTION /*application='Backend'*/[0m
  [1m[36mTRANSACTION (0.0ms)[0m  [1m[35mBEGIN immediate TRANSACTION /*application='Backend'*/[0m
  [1m[36mPhoto Create (0.4ms)[0m  [1m[32mINSERT INTO "photos" ("title", "image_url", "category", "created_at", "updated_at", "photographer") VALUES ('Seaside Sunset', 'https://kothihaaung.github.io/assets/images/food/taco1.jpg', 'Taco', '2025-07-07 09:59:29.123182', '2025-07-07 09:59:29.123182', 'Emily Tran') RETURNING "id" /*application='Backend'*/[0m
  [1m[36mTRANSACTION (0.0ms)[0m  [1m[35mCOMMIT TRANSACTION /*application='Backend'*/[0m
  [1m[36mTRANSACTION (0.0ms)[0m  [1m[35mBEGIN immediate TRANSACTION /*application='Backend'*/[0m
  [1m[36mPhoto Create (0.5ms)[0m  [1m[32mINSERT INTO "photos" ("title", "image_url", "category", "created_at", "updated_at", "photographer") VALUES ('Golden Crispy Delight', 'https://kothihaaung.github.io/assets/images/food/toast1.jpg', 'Toast', '2025-07-07 09:59:29.124340', '2025-07-07 09:59:29.124340', 'Lucas Kim') RETURNING "id" /*application='Backend'*/[0m
  [1m[36mTRANSACTION (0.1ms)[0m  [1m[35mCOMMIT TRANSACTION /*application='Backend'*/[0m
Started GET "/api/v1/photos" for ::1 at 2025-07-07 17:05:29 +0700
  [1m[36mActiveRecord::SchemaMigration Load (0.1ms)[0m  [1m[34mSELECT "schema_migrations"."version" FROM "schema_migrations" ORDER BY "schema_migrations"."version" ASC /*application='Backend'*/[0m
Processing by Api::V1::PhotosController#index as */*
  [1m[36mPhoto Load (0.9ms)[0m  [1m[34mSELECT "photos".* FROM "photos" /*action='index',application='Backend',controller='photos'*/[0m
  ↳ app/controllers/api/v1/photos_controller.rb:9:in `index'
Completed 200 OK in 15ms (Views: 4.1ms | ActiveRecord: 1.7ms (1 query, 0 cached) | GC: 0.0ms)


Started GET "/api/v1/photos" for ::1 at 2025-07-07 18:01:31 +0700
Processing by Api::V1::PhotosController#index as HTML
  [1m[36mPhoto Load (8.4ms)[0m  [1m[34mSELECT "photos".* FROM "photos" /*action='index',application='Backend',controller='photos'*/[0m
  ↳ app/controllers/api/v1/photos_controller.rb:9:in `index'
Completed 200 OK in 33ms (Views: 21.5ms | ActiveRecord: 8.4ms (1 query, 0 cached) | GC: 0.0ms)


Started GET "/api/v1/photos" for ::1 at 2025-07-07 18:07:03 +0700
Processing by Api::V1::PhotosController#index as HTML
  [1m[36mPhoto Load (3.7ms)[0m  [1m[34mSELECT "photos".* FROM "photos" /*action='index',application='Backend',controller='photos'*/[0m
  ↳ app/controllers/api/v1/photos_controller.rb:9:in `index'
Completed 200 OK in 12ms (Views: 7.9ms | ActiveRecord: 3.7ms (1 query, 0 cached) | GC: 0.0ms)


Started GET "/api/v1/photos" for ::1 at 2025-07-07 18:11:51 +0700
Processing by Api::V1::PhotosController#index as */*
  [1m[36mPhoto Load (6.6ms)[0m  [1m[34mSELECT "photos".* FROM "photos" /*action='index',application='Backend',controller='photos'*/[0m
  ↳ app/controllers/api/v1/photos_controller.rb:9:in `index'
Completed 200 OK in 16ms (Views: 8.8ms | ActiveRecord: 6.6ms (1 query, 0 cached) | GC: 0.0ms)


Started GET "/api/v1/photos%0A" for 192.168.1.100 at 2025-07-07 18:14:00 +0700
  [1m[36mActiveRecord::SchemaMigration Load (0.1ms)[0m  [1m[34mSELECT "schema_migrations"."version" FROM "schema_migrations" ORDER BY "schema_migrations"."version" ASC /*application='Backend'*/[0m
  
ActionController::RoutingError (No route matches [GET] "/api/v1/photos%0A"):
  
Started GET "/api/v1/photos" for 127.0.0.1 at 2025-07-07 18:14:09 +0700
Processing by Api::V1::PhotosController#index as */*
  [1m[36mPhoto Load (0.9ms)[0m  [1m[34mSELECT "photos".* FROM "photos" /*action='index',application='Backend',controller='photos'*/[0m
  ↳ app/controllers/api/v1/photos_controller.rb:9:in `index'
Completed 200 OK in 19ms (Views: 6.8ms | ActiveRecord: 1.8ms (1 query, 0 cached) | GC: 0.0ms)


Started GET "/api/v1/photos" for 192.168.1.100 at 2025-07-07 18:15:07 +0700
Processing by Api::V1::PhotosController#index as */*
  [1m[36mPhoto Load (1.7ms)[0m  [1m[34mSELECT "photos".* FROM "photos" /*action='index',application='Backend',controller='photos'*/[0m
  ↳ app/controllers/api/v1/photos_controller.rb:9:in `index'
Completed 200 OK in 11ms (Views: 8.2ms | ActiveRecord: 1.7ms (1 query, 0 cached) | GC: 0.0ms)


Started GET "/api/v1/photos" for 192.168.1.100 at 2025-07-07 18:15:22 +0700
Processing by Api::V1::PhotosController#index as HTML
  [1m[36mPhoto Load (0.4ms)[0m  [1m[34mSELECT "photos".* FROM "photos" /*action='index',application='Backend',controller='photos'*/[0m
  ↳ app/controllers/api/v1/photos_controller.rb:9:in `index'
Completed 200 OK in 6ms (Views: 5.0ms | ActiveRecord: 0.4ms (1 query, 0 cached) | GC: 0.0ms)


Started GET "/api/v1/photos" for 192.168.1.100 at 2025-07-07 18:16:08 +0700
Processing by Api::V1::PhotosController#index as HTML
  [1m[36mPhoto Load (0.2ms)[0m  [1m[34mSELECT "photos".* FROM "photos" /*action='index',application='Backend',controller='photos'*/[0m
  ↳ app/controllers/api/v1/photos_controller.rb:9:in `index'
Completed 200 OK in 2ms (Views: 1.3ms | ActiveRecord: 0.2ms (1 query, 0 cached) | GC: 0.0ms)


Started GET "/api/v1/photos" for 192.168.1.100 at 2025-07-07 18:20:19 +0700
Processing by Api::V1::PhotosController#index as HTML
  [1m[36mPhoto Load (4.8ms)[0m  [1m[34mSELECT "photos".* FROM "photos" /*action='index',application='Backend',controller='photos'*/[0m
  ↳ app/controllers/api/v1/photos_controller.rb:9:in `index'
Completed 200 OK in 28ms (Views: 22.6ms | ActiveRecord: 4.8ms (1 query, 0 cached) | GC: 5.9ms)


Started GET "/api/v1/photos" for 192.168.1.100 at 2025-07-07 18:20:22 +0700
Processing by Api::V1::PhotosController#index as HTML
  [1m[36mPhoto Load (0.5ms)[0m  [1m[34mSELECT "photos".* FROM "photos" /*action='index',application='Backend',controller='photos'*/[0m
  ↳ app/controllers/api/v1/photos_controller.rb:9:in `index'
Completed 200 OK in 6ms (Views: 5.0ms | ActiveRecord: 0.4ms (1 query, 0 cached) | GC: 0.0ms)


Started GET "/api/v1/photos" for 192.168.1.100 at 2025-07-07 18:27:13 +0700
Processing by Api::V1::PhotosController#index as HTML
  [1m[36mPhoto Load (8.8ms)[0m  [1m[34mSELECT "photos".* FROM "photos" /*action='index',application='Backend',controller='photos'*/[0m
  ↳ app/controllers/api/v1/photos_controller.rb:9:in `index'
Completed 200 OK in 27ms (Views: 16.9ms | ActiveRecord: 8.9ms (1 query, 0 cached) | GC: 2.0ms)


Started GET "/api/v1/photos" for 192.168.1.100 at 2025-07-07 18:27:16 +0700
Processing by Api::V1::PhotosController#index as HTML
  [1m[36mPhoto Load (0.4ms)[0m  [1m[34mSELECT "photos".* FROM "photos" /*action='index',application='Backend',controller='photos'*/[0m
  ↳ app/controllers/api/v1/photos_controller.rb:9:in `index'
Completed 200 OK in 5ms (Views: 4.3ms | ActiveRecord: 0.4ms (1 query, 0 cached) | GC: 0.0ms)


Started GET "/api/v1/photos" for 192.168.1.100 at 2025-07-07 18:27:47 +0700
Processing by Api::V1::PhotosController#index as HTML
  [1m[36mPhoto Load (0.5ms)[0m  [1m[34mSELECT "photos".* FROM "photos" /*action='index',application='Backend',controller='photos'*/[0m
  ↳ app/controllers/api/v1/photos_controller.rb:9:in `index'
Completed 200 OK in 7ms (Views: 5.6ms | ActiveRecord: 0.5ms (1 query, 0 cached) | GC: 0.0ms)


Started GET "/api/v1/photos" for 192.168.1.100 at 2025-07-07 18:30:40 +0700
Processing by Api::V1::PhotosController#index as HTML
  [1m[36mPhoto Load (5.1ms)[0m  [1m[34mSELECT "photos".* FROM "photos" /*action='index',application='Backend',controller='photos'*/[0m
  ↳ app/controllers/api/v1/photos_controller.rb:9:in `index'
Completed 200 OK in 11ms (Views: 5.8ms | ActiveRecord: 5.1ms (1 query, 0 cached) | GC: 1.0ms)


Started GET "/api/v1/photos" for 192.168.1.100 at 2025-07-07 18:31:48 +0700
Processing by Api::V1::PhotosController#index as HTML
  [1m[36mPhoto Load (0.4ms)[0m  [1m[34mSELECT "photos".* FROM "photos" /*action='index',application='Backend',controller='photos'*/[0m
  ↳ app/controllers/api/v1/photos_controller.rb:9:in `index'
Completed 200 OK in 5ms (Views: 4.0ms | ActiveRecord: 0.4ms (1 query, 0 cached) | GC: 0.0ms)


Started GET "/api/v1/photos" for 192.168.1.100 at 2025-07-07 18:35:50 +0700
Processing by Api::V1::PhotosController#index as HTML
  [1m[36mPhoto Load (4.4ms)[0m  [1m[34mSELECT "photos".* FROM "photos" /*action='index',application='Backend',controller='photos'*/[0m
  ↳ app/controllers/api/v1/photos_controller.rb:9:in `index'
Completed 200 OK in 13ms (Views: 7.5ms | ActiveRecord: 4.4ms (1 query, 0 cached) | GC: 0.0ms)


Started GET "/api/v1/photos" for 192.168.1.100 at 2025-07-07 18:35:50 +0700
Processing by Api::V1::PhotosController#index as HTML
  [1m[36mPhoto Load (0.3ms)[0m  [1m[34mSELECT "photos".* FROM "photos" /*action='index',application='Backend',controller='photos'*/[0m
  ↳ app/controllers/api/v1/photos_controller.rb:9:in `index'
Completed 200 OK in 9ms (Views: 8.2ms | ActiveRecord: 0.3ms (1 query, 0 cached) | GC: 0.0ms)


Started GET "/api/v1/photos" for 192.168.1.100 at 2025-07-07 18:37:06 +0700
Processing by Api::V1::PhotosController#index as HTML
  [1m[36mPhoto Load (0.9ms)[0m  [1m[34mSELECT "photos".* FROM "photos" /*action='index',application='Backend',controller='photos'*/[0m
  ↳ app/controllers/api/v1/photos_controller.rb:9:in `index'
Completed 200 OK in 9ms (Views: 7.2ms | ActiveRecord: 0.8ms (1 query, 0 cached) | GC: 0.0ms)


Started GET "/api/v1/photos" for 192.168.1.100 at 2025-07-07 18:37:10 +0700
Processing by Api::V1::PhotosController#index as HTML
  [1m[36mPhoto Load (0.6ms)[0m  [1m[34mSELECT "photos".* FROM "photos" /*action='index',application='Backend',controller='photos'*/[0m
  ↳ app/controllers/api/v1/photos_controller.rb:9:in `index'
Completed 200 OK in 89ms (Views: 87.6ms | ActiveRecord: 0.6ms (1 query, 0 cached) | GC: 35.2ms)


Started GET "/api/v1/photos" for 192.168.1.100 at 2025-07-07 18:37:29 +0700
Processing by Api::V1::PhotosController#index as HTML
  [1m[36mPhoto Load (1.1ms)[0m  [1m[34mSELECT "photos".* FROM "photos" /*action='index',application='Backend',controller='photos'*/[0m
  ↳ app/controllers/api/v1/photos_controller.rb:9:in `index'
Completed 200 OK in 19ms (Views: 16.8ms | ActiveRecord: 1.1ms (1 query, 0 cached) | GC: 0.0ms)


Started GET "/api/v1/photos" for 192.168.1.100 at 2025-07-07 18:37:30 +0700
Processing by Api::V1::PhotosController#index as HTML
  [1m[36mPhoto Load (0.9ms)[0m  [1m[34mSELECT "photos".* FROM "photos" /*action='index',application='Backend',controller='photos'*/[0m
  ↳ app/controllers/api/v1/photos_controller.rb:9:in `index'
Completed 200 OK in 5ms (Views: 3.5ms | ActiveRecord: 0.9ms (1 query, 0 cached) | GC: 0.0ms)


Started GET "/api/v1/photos" for 192.168.1.100 at 2025-07-07 18:40:05 +0700
Processing by Api::V1::PhotosController#index as HTML
  [1m[36mPhoto Load (0.6ms)[0m  [1m[34mSELECT "photos".* FROM "photos" /*action='index',application='Backend',controller='photos'*/[0m
  ↳ app/controllers/api/v1/photos_controller.rb:9:in `index'
Completed 200 OK in 9ms (Views: 7.3ms | ActiveRecord: 0.6ms (1 query, 0 cached) | GC: 1.0ms)


Started GET "/api/v1/photos" for 192.168.1.100 at 2025-07-07 18:40:08 +0700
Processing by Api::V1::PhotosController#index as HTML
  [1m[36mPhoto Load (0.3ms)[0m  [1m[34mSELECT "photos".* FROM "photos" /*action='index',application='Backend',controller='photos'*/[0m
  ↳ app/controllers/api/v1/photos_controller.rb:9:in `index'
Completed 200 OK in 5ms (Views: 4.4ms | ActiveRecord: 0.3ms (1 query, 0 cached) | GC: 0.0ms)


Started GET "/api/v1/photos" for 192.168.1.100 at 2025-07-07 18:40:24 +0700
Processing by Api::V1::PhotosController#index as HTML
  [1m[36mPhoto Load (1.8ms)[0m  [1m[34mSELECT "photos".* FROM "photos" /*action='index',application='Backend',controller='photos'*/[0m
  ↳ app/controllers/api/v1/photos_controller.rb:9:in `index'
Completed 200 OK in 11ms (Views: 9.0ms | ActiveRecord: 1.8ms (1 query, 0 cached) | GC: 2.0ms)


Started GET "/api/v1/photos" for 192.168.1.100 at 2025-07-07 18:40:26 +0700
Processing by Api::V1::PhotosController#index as HTML
  [1m[36mPhoto Load (2.9ms)[0m  [1m[34mSELECT "photos".* FROM "photos" /*action='index',application='Backend',controller='photos'*/[0m
  ↳ app/controllers/api/v1/photos_controller.rb:9:in `index'
Completed 200 OK in 13ms (Views: 11.7ms | ActiveRecord: 0.4ms (1 query, 0 cached) | GC: 0.0ms)


Started GET "/api/v1/photos" for 192.168.1.100 at 2025-07-07 18:40:58 +0700
Processing by Api::V1::PhotosController#index as HTML
  [1m[36mPhoto Load (1.3ms)[0m  [1m[34mSELECT "photos".* FROM "photos" /*action='index',application='Backend',controller='photos'*/[0m
  ↳ app/controllers/api/v1/photos_controller.rb:9:in `index'
Completed 200 OK in 7ms (Views: 4.7ms | ActiveRecord: 1.3ms (1 query, 0 cached) | GC: 0.0ms)


Started GET "/api/v1/photos" for 192.168.1.100 at 2025-07-07 18:41:15 +0700
Processing by Api::V1::PhotosController#index as HTML
  [1m[36mPhoto Load (0.4ms)[0m  [1m[34mSELECT "photos".* FROM "photos" /*action='index',application='Backend',controller='photos'*/[0m
  ↳ app/controllers/api/v1/photos_controller.rb:9:in `index'
Completed 200 OK in 8ms (Views: 7.4ms | ActiveRecord: 0.4ms (1 query, 0 cached) | GC: 0.0ms)


Started GET "/api/v1/photos" for 192.168.1.100 at 2025-07-07 18:44:45 +0700
Processing by Api::V1::PhotosController#index as HTML
  [1m[36mPhoto Load (4.5ms)[0m  [1m[34mSELECT "photos".* FROM "photos" /*action='index',application='Backend',controller='photos'*/[0m
  ↳ app/controllers/api/v1/photos_controller.rb:9:in `index'
Completed 200 OK in 11ms (Views: 6.0ms | ActiveRecord: 4.5ms (1 query, 0 cached) | GC: 0.0ms)


Started GET "/api/v1/photos" for 192.168.1.100 at 2025-07-07 18:49:00 +0700
Processing by Api::V1::PhotosController#index as HTML
  [1m[36mPhoto Load (8.6ms)[0m  [1m[34mSELECT "photos".* FROM "photos" /*action='index',application='Backend',controller='photos'*/[0m
  ↳ app/controllers/api/v1/photos_controller.rb:9:in `index'
Completed 200 OK in 30ms (Views: 19.1ms | ActiveRecord: 8.6ms (1 query, 0 cached) | GC: 0.0ms)


Started GET "/api/v1/photos" for 192.168.1.100 at 2025-07-07 18:49:00 +0700
Processing by Api::V1::PhotosController#index as HTML
  [1m[36mPhoto Load (0.3ms)[0m  [1m[34mSELECT "photos".* FROM "photos" /*action='index',application='Backend',controller='photos'*/[0m
  ↳ app/controllers/api/v1/photos_controller.rb:9:in `index'
Completed 200 OK in 6ms (Views: 5.1ms | ActiveRecord: 0.3ms (1 query, 0 cached) | GC: 0.0ms)


Started GET "/api/v1/photos" for 192.168.1.100 at 2025-07-07 18:49:33 +0700
Processing by Api::V1::PhotosController#index as HTML
  [1m[36mPhoto Load (0.2ms)[0m  [1m[34mSELECT "photos".* FROM "photos" /*action='index',application='Backend',controller='photos'*/[0m
  ↳ app/controllers/api/v1/photos_controller.rb:9:in `index'
Completed 200 OK in 2ms (Views: 1.8ms | ActiveRecord: 0.2ms (1 query, 0 cached) | GC: 0.0ms)


Started GET "/api/v1/photos" for 192.168.1.100 at 2025-07-07 18:50:43 +0700
Processing by Api::V1::PhotosController#index as HTML
  [1m[36mPhoto Load (5.2ms)[0m  [1m[34mSELECT "photos".* FROM "photos" /*action='index',application='Backend',controller='photos'*/[0m
  ↳ app/controllers/api/v1/photos_controller.rb:9:in `index'
Completed 200 OK in 53ms (Views: 41.1ms | ActiveRecord: 5.7ms (1 query, 0 cached) | GC: 3.0ms)


Started GET "/api/v1/photos" for 192.168.1.100 at 2025-07-07 18:50:44 +0700
Processing by Api::V1::PhotosController#index as HTML
  [1m[36mPhoto Load (0.3ms)[0m  [1m[34mSELECT "photos".* FROM "photos" /*action='index',application='Backend',controller='photos'*/[0m
  ↳ app/controllers/api/v1/photos_controller.rb:9:in `index'
Completed 200 OK in 13ms (Views: 12.0ms | ActiveRecord: 0.3ms (1 query, 0 cached) | GC: 0.0ms)


Started GET "/api/v1/photos" for 192.168.1.100 at 2025-07-07 18:51:14 +0700
Processing by Api::V1::PhotosController#index as HTML
  [1m[36mPhoto Load (0.9ms)[0m  [1m[34mSELECT "photos".* FROM "photos" /*action='index',application='Backend',controller='photos'*/[0m
  ↳ app/controllers/api/v1/photos_controller.rb:9:in `index'
Completed 200 OK in 16ms (Views: 12.7ms | ActiveRecord: 1.0ms (1 query, 0 cached) | GC: 0.0ms)


Started GET "/api/v1/photos" for 192.168.1.100 at 2025-07-07 18:51:16 +0700
Processing by Api::V1::PhotosController#index as HTML
  [1m[36mPhoto Load (0.1ms)[0m  [1m[34mSELECT "photos".* FROM "photos" /*action='index',application='Backend',controller='photos'*/[0m
  ↳ app/controllers/api/v1/photos_controller.rb:9:in `index'
Completed 200 OK in 5ms (Views: 4.9ms | ActiveRecord: 0.1ms (1 query, 0 cached) | GC: 0.0ms)


Started GET "/api/v1/photos" for 192.168.1.100 at 2025-07-07 19:01:53 +0700
Processing by Api::V1::PhotosController#index as HTML
  [1m[36mPhoto Load (14.2ms)[0m  [1m[34mSELECT "photos".* FROM "photos" /*action='index',application='Backend',controller='photos'*/[0m
  ↳ app/controllers/api/v1/photos_controller.rb:9:in `index'
Completed 200 OK in 31ms (Views: 15.8ms | ActiveRecord: 14.2ms (1 query, 0 cached) | GC: 0.0ms)


Started GET "/api/v1/photos" for 192.168.1.100 at 2025-07-07 19:01:58 +0700
Processing by Api::V1::PhotosController#index as HTML
  [1m[36mPhoto Load (1.0ms)[0m  [1m[34mSELECT "photos".* FROM "photos" /*action='index',application='Backend',controller='photos'*/[0m
  ↳ app/controllers/api/v1/photos_controller.rb:9:in `index'
Completed 200 OK in 13ms (Views: 11.6ms | ActiveRecord: 1.0ms (1 query, 0 cached) | GC: 2.0ms)


Started GET "/api/v1/photos" for 192.168.1.100 at 2025-07-07 19:06:34 +0700
Processing by Api::V1::PhotosController#index as HTML
  [1m[36mPhoto Load (0.3ms)[0m  [1m[34mSELECT "photos".* FROM "photos" /*action='index',application='Backend',controller='photos'*/[0m
  ↳ app/controllers/api/v1/photos_controller.rb:9:in `index'
Completed 200 OK in 5ms (Views: 4.6ms | ActiveRecord: 0.3ms (1 query, 0 cached) | GC: 0.0ms)


Started GET "/api/v1/photos" for 192.168.1.100 at 2025-07-07 19:31:13 +0700
Processing by Api::V1::PhotosController#index as HTML
  [1m[36mPhoto Load (9.1ms)[0m  [1m[34mSELECT "photos".* FROM "photos" /*action='index',application='Backend',controller='photos'*/[0m
  ↳ app/controllers/api/v1/photos_controller.rb:9:in `index'
Completed 200 OK in 29ms (Views: 18.2ms | ActiveRecord: 9.1ms (1 query, 0 cached) | GC: 0.0ms)


Started GET "/api/v1/photos" for 192.168.1.100 at 2025-07-07 19:31:15 +0700
Processing by Api::V1::PhotosController#index as HTML
  [1m[36mPhoto Load (0.3ms)[0m  [1m[34mSELECT "photos".* FROM "photos" /*action='index',application='Backend',controller='photos'*/[0m
  ↳ app/controllers/api/v1/photos_controller.rb:9:in `index'
Completed 200 OK in 7ms (Views: 6.2ms | ActiveRecord: 0.3ms (1 query, 0 cached) | GC: 0.0ms)


Started GET "/api/v1/photos" for 192.168.1.100 at 2025-07-07 19:32:37 +0700
Processing by Api::V1::PhotosController#index as HTML
  [1m[36mPhoto Load (0.6ms)[0m  [1m[34mSELECT "photos".* FROM "photos" /*action='index',application='Backend',controller='photos'*/[0m
  ↳ app/controllers/api/v1/photos_controller.rb:9:in `index'
Completed 200 OK in 11ms (Views: 10.2ms | ActiveRecord: 0.7ms (1 query, 0 cached) | GC: 0.0ms)


Started GET "/api/v1/photos" for 192.168.1.100 at 2025-07-07 19:32:43 +0700
Processing by Api::V1::PhotosController#index as HTML
  [1m[36mPhoto Load (58.1ms)[0m  [1m[34mSELECT "photos".* FROM "photos" /*action='index',application='Backend',controller='photos'*/[0m
  ↳ app/controllers/api/v1/photos_controller.rb:9:in `index'
Completed 200 OK in 63ms (Views: 4.3ms | ActiveRecord: 58.4ms (1 query, 0 cached) | GC: 21.6ms)


Started GET "/api/v1/photos" for 192.168.1.100 at 2025-07-07 19:43:41 +0700
Processing by Api::V1::PhotosController#index as HTML
  [1m[36mPhoto Load (20.9ms)[0m  [1m[34mSELECT "photos".* FROM "photos" /*action='index',application='Backend',controller='photos'*/[0m
  ↳ app/controllers/api/v1/photos_controller.rb:9:in `index'
Completed 200 OK in 54ms (Views: 27.2ms | ActiveRecord: 20.9ms (1 query, 0 cached) | GC: 0.0ms)


Started GET "/api/v1/photos" for 192.168.1.100 at 2025-07-07 19:43:45 +0700
Processing by Api::V1::PhotosController#index as HTML
  [1m[36mPhoto Load (0.8ms)[0m  [1m[34mSELECT "photos".* FROM "photos" /*action='index',application='Backend',controller='photos'*/[0m
  ↳ app/controllers/api/v1/photos_controller.rb:9:in `index'
Completed 200 OK in 15ms (Views: 12.8ms | ActiveRecord: 0.8ms (1 query, 0 cached) | GC: 1.9ms)


Started GET "/api/v1/photos" for 192.168.1.100 at 2025-07-07 19:47:05 +0700
Processing by Api::V1::PhotosController#index as HTML
  [1m[36mPhoto Load (1.2ms)[0m  [1m[34mSELECT "photos".* FROM "photos" /*action='index',application='Backend',controller='photos'*/[0m
  ↳ app/controllers/api/v1/photos_controller.rb:9:in `index'
Completed 200 OK in 11ms (Views: 9.1ms | ActiveRecord: 1.2ms (1 query, 0 cached) | GC: 0.0ms)


Started GET "/api/v1/photos" for 192.168.1.100 at 2025-07-07 19:47:09 +0700
Processing by Api::V1::PhotosController#index as HTML
  [1m[36mPhoto Load (0.3ms)[0m  [1m[34mSELECT "photos".* FROM "photos" /*action='index',application='Backend',controller='photos'*/[0m
  ↳ app/controllers/api/v1/photos_controller.rb:9:in `index'
Completed 200 OK in 7ms (Views: 6.8ms | ActiveRecord: 0.3ms (1 query, 0 cached) | GC: 1.6ms)


Started GET "/api/v1/photos" for 192.168.1.100 at 2025-07-07 19:47:24 +0700
Processing by Api::V1::PhotosController#index as HTML
  [1m[36mPhoto Load (0.4ms)[0m  [1m[34mSELECT "photos".* FROM "photos" /*action='index',application='Backend',controller='photos'*/[0m
  ↳ app/controllers/api/v1/photos_controller.rb:9:in `index'
Completed 200 OK in 4ms (Views: 3.1ms | ActiveRecord: 0.4ms (1 query, 0 cached) | GC: 0.0ms)


Started GET "/api/v1/photos" for 192.168.1.100 at 2025-07-07 19:47:28 +0700
Processing by Api::V1::PhotosController#index as HTML
  [1m[36mPhoto Load (0.3ms)[0m  [1m[34mSELECT "photos".* FROM "photos" /*action='index',application='Backend',controller='photos'*/[0m
  ↳ app/controllers/api/v1/photos_controller.rb:9:in `index'
Completed 200 OK in 6ms (Views: 5.6ms | ActiveRecord: 0.3ms (1 query, 0 cached) | GC: 0.0ms)


Started GET "/api/v1/photos" for 192.168.1.100 at 2025-07-07 19:47:36 +0700
Processing by Api::V1::PhotosController#index as HTML
  [1m[36mPhoto Load (1.1ms)[0m  [1m[34mSELECT "photos".* FROM "photos" /*action='index',application='Backend',controller='photos'*/[0m
  ↳ app/controllers/api/v1/photos_controller.rb:9:in `index'
Completed 200 OK in 8ms (Views: 6.8ms | ActiveRecord: 1.1ms (1 query, 0 cached) | GC: 0.0ms)


Started GET "/api/v1/photos" for 192.168.1.100 at 2025-07-07 19:47:39 +0700
Processing by Api::V1::PhotosController#index as HTML
  [1m[36mPhoto Load (0.3ms)[0m  [1m[34mSELECT "photos".* FROM "photos" /*action='index',application='Backend',controller='photos'*/[0m
  ↳ app/controllers/api/v1/photos_controller.rb:9:in `index'
Completed 200 OK in 4ms (Views: 3.8ms | ActiveRecord: 0.3ms (1 query, 0 cached) | GC: 0.0ms)


Started GET "/api/v1/photos" for 192.168.1.100 at 2025-07-07 19:53:59 +0700
Processing by Api::V1::PhotosController#index as HTML
  [1m[36mPhoto Load (7.4ms)[0m  [1m[34mSELECT "photos".* FROM "photos" /*action='index',application='Backend',controller='photos'*/[0m
  ↳ app/controllers/api/v1/photos_controller.rb:9:in `index'
Completed 200 OK in 14ms (Views: 6.5ms | ActiveRecord: 7.4ms (1 query, 0 cached) | GC: 0.0ms)


Started GET "/api/v1/photos" for 192.168.1.100 at 2025-07-07 19:54:16 +0700
Processing by Api::V1::PhotosController#index as HTML
  [1m[36mPhoto Load (1.1ms)[0m  [1m[34mSELECT "photos".* FROM "photos" /*action='index',application='Backend',controller='photos'*/[0m
  ↳ app/controllers/api/v1/photos_controller.rb:9:in `index'
Completed 200 OK in 8ms (Views: 6.4ms | ActiveRecord: 1.1ms (1 query, 0 cached) | GC: 0.0ms)


Started GET "/api/v1/photos" for 192.168.1.100 at 2025-07-07 19:54:21 +0700
Processing by Api::V1::PhotosController#index as HTML
  [1m[36mPhoto Load (0.8ms)[0m  [1m[34mSELECT "photos".* FROM "photos" /*action='index',application='Backend',controller='photos'*/[0m
  ↳ app/controllers/api/v1/photos_controller.rb:9:in `index'
Completed 200 OK in 38ms (Views: 36.8ms | ActiveRecord: 0.8ms (1 query, 0 cached) | GC: 9.3ms)


Started GET "/api/v1/photos" for 192.168.1.100 at 2025-07-07 19:58:41 +0700
Processing by Api::V1::PhotosController#index as HTML
  [1m[36mPhoto Load (2.4ms)[0m  [1m[34mSELECT "photos".* FROM "photos" /*action='index',application='Backend',controller='photos'*/[0m
  ↳ app/controllers/api/v1/photos_controller.rb:9:in `index'
Completed 200 OK in 11ms (Views: 7.7ms | ActiveRecord: 2.4ms (1 query, 0 cached) | GC: 0.0ms)


Started GET "/api/v1/photos" for 192.168.1.100 at 2025-07-07 19:59:23 +0700
Processing by Api::V1::PhotosController#index as HTML
  [1m[36mPhoto Load (0.5ms)[0m  [1m[34mSELECT "photos".* FROM "photos" /*action='index',application='Backend',controller='photos'*/[0m
  ↳ app/controllers/api/v1/photos_controller.rb:9:in `index'
Completed 200 OK in 7ms (Views: 6.4ms | ActiveRecord: 0.5ms (1 query, 0 cached) | GC: 0.0ms)


Started GET "/api/v1/photos" for 192.168.1.100 at 2025-07-07 20:00:20 +0700
Processing by Api::V1::PhotosController#index as HTML
  [1m[36mPhoto Load (0.3ms)[0m  [1m[34mSELECT "photos".* FROM "photos" /*action='index',application='Backend',controller='photos'*/[0m
  ↳ app/controllers/api/v1/photos_controller.rb:9:in `index'
Completed 200 OK in 8ms (Views: 7.5ms | ActiveRecord: 0.3ms (1 query, 0 cached) | GC: 1.5ms)


Started GET "/api/v1/photos" for 192.168.1.100 at 2025-07-07 20:01:38 +0700
Processing by Api::V1::PhotosController#index as HTML
  [1m[36mPhoto Load (0.5ms)[0m  [1m[34mSELECT "photos".* FROM "photos" /*action='index',application='Backend',controller='photos'*/[0m
  ↳ app/controllers/api/v1/photos_controller.rb:9:in `index'
Completed 200 OK in 7ms (Views: 6.1ms | ActiveRecord: 0.5ms (1 query, 0 cached) | GC: 0.0ms)


Started GET "/api/v1/photos" for 192.168.1.100 at 2025-07-07 20:01:40 +0700
Processing by Api::V1::PhotosController#index as HTML
  [1m[36mPhoto Load (6.4ms)[0m  [1m[34mSELECT "photos".* FROM "photos" /*action='index',application='Backend',controller='photos'*/[0m
  ↳ app/controllers/api/v1/photos_controller.rb:9:in `index'
Completed 200 OK in 10ms (Views: 3.2ms | ActiveRecord: 6.4ms (1 query, 0 cached) | GC: 1.5ms)


Started GET "/api/v1/photos" for 192.168.1.100 at 2025-07-07 20:04:07 +0700
Processing by Api::V1::PhotosController#index as HTML
  [1m[36mPhoto Load (2.2ms)[0m  [1m[34mSELECT "photos".* FROM "photos" /*action='index',application='Backend',controller='photos'*/[0m
  ↳ app/controllers/api/v1/photos_controller.rb:9:in `index'
Completed 200 OK in 11ms (Views: 7.7ms | ActiveRecord: 2.2ms (1 query, 0 cached) | GC: 0.5ms)


Started GET "/api/v1/photos" for 192.168.1.100 at 2025-07-07 20:04:12 +0700
Processing by Api::V1::PhotosController#index as HTML
  [1m[36mPhoto Load (0.2ms)[0m  [1m[34mSELECT "photos".* FROM "photos" /*action='index',application='Backend',controller='photos'*/[0m
  ↳ app/controllers/api/v1/photos_controller.rb:9:in `index'
Completed 200 OK in 12ms (Views: 11.4ms | ActiveRecord: 0.2ms (1 query, 0 cached) | GC: 1.9ms)


Started GET "/api/v1/photos" for 192.168.1.100 at 2025-07-07 20:04:28 +0700
Processing by Api::V1::PhotosController#index as HTML
  [1m[36mPhoto Load (1.0ms)[0m  [1m[34mSELECT "photos".* FROM "photos" /*action='index',application='Backend',controller='photos'*/[0m
  ↳ app/controllers/api/v1/photos_controller.rb:9:in `index'
Completed 200 OK in 7ms (Views: 5.7ms | ActiveRecord: 0.9ms (1 query, 0 cached) | GC: 0.0ms)


Started GET "/api/v1/photos" for 192.168.1.100 at 2025-07-07 20:04:29 +0700
Processing by Api::V1::PhotosController#index as HTML
  [1m[36mPhoto Load (0.3ms)[0m  [1m[34mSELECT "photos".* FROM "photos" /*action='index',application='Backend',controller='photos'*/[0m
  ↳ app/controllers/api/v1/photos_controller.rb:9:in `index'
Completed 200 OK in 5ms (Views: 4.3ms | ActiveRecord: 0.3ms (1 query, 0 cached) | GC: 0.0ms)


Started GET "/api/v1/photos" for 192.168.1.100 at 2025-07-07 20:04:32 +0700
Processing by Api::V1::PhotosController#index as HTML
  [1m[36mPhoto Load (0.1ms)[0m  [1m[34mSELECT "photos".* FROM "photos" /*action='index',application='Backend',controller='photos'*/[0m
  ↳ app/controllers/api/v1/photos_controller.rb:9:in `index'
Completed 200 OK in 2ms (Views: 1.4ms | ActiveRecord: 0.1ms (1 query, 0 cached) | GC: 0.0ms)


Started GET "/api/v1/photos" for 192.168.1.100 at 2025-07-07 20:04:33 +0700
Processing by Api::V1::PhotosController#index as HTML
  [1m[36mPhoto Load (0.2ms)[0m  [1m[34mSELECT "photos".* FROM "photos" /*action='index',application='Backend',controller='photos'*/[0m
  ↳ app/controllers/api/v1/photos_controller.rb:9:in `index'
Completed 200 OK in 8ms (Views: 7.9ms | ActiveRecord: 0.2ms (1 query, 0 cached) | GC: 0.0ms)


Started GET "/api/v1/photos" for 192.168.1.100 at 2025-07-07 20:09:31 +0700
Processing by Api::V1::PhotosController#index as HTML
  [1m[36mPhoto Load (0.4ms)[0m  [1m[34mSELECT "photos".* FROM "photos" /*action='index',application='Backend',controller='photos'*/[0m
  ↳ app/controllers/api/v1/photos_controller.rb:9:in `index'
Completed 200 OK in 4ms (Views: 2.9ms | ActiveRecord: 0.4ms (1 query, 0 cached) | GC: 0.0ms)


Started GET "/api/v1/photos" for 192.168.1.100 at 2025-07-07 20:12:22 +0700
Processing by Api::V1::PhotosController#index as HTML
  [1m[36mPhoto Load (0.4ms)[0m  [1m[34mSELECT "photos".* FROM "photos" /*action='index',application='Backend',controller='photos'*/[0m
  ↳ app/controllers/api/v1/photos_controller.rb:9:in `index'
Completed 200 OK in 11ms (Views: 9.9ms | ActiveRecord: 0.4ms (1 query, 0 cached) | GC: 1.5ms)


Started GET "/api/v1/photos" for 192.168.1.100 at 2025-07-07 20:15:51 +0700
Processing by Api::V1::PhotosController#index as HTML
  [1m[36mPhoto Load (0.4ms)[0m  [1m[34mSELECT "photos".* FROM "photos" /*action='index',application='Backend',controller='photos'*/[0m
  ↳ app/controllers/api/v1/photos_controller.rb:9:in `index'
Completed 200 OK in 5ms (Views: 4.3ms | ActiveRecord: 0.4ms (1 query, 0 cached) | GC: 0.0ms)


Started GET "/api/v1/photos" for 192.168.1.100 at 2025-07-07 20:15:58 +0700
Processing by Api::V1::PhotosController#index as HTML
  [1m[36mPhoto Load (0.4ms)[0m  [1m[34mSELECT "photos".* FROM "photos" /*action='index',application='Backend',controller='photos'*/[0m
  ↳ app/controllers/api/v1/photos_controller.rb:9:in `index'
Completed 200 OK in 6ms (Views: 5.3ms | ActiveRecord: 0.4ms (1 query, 0 cached) | GC: 0.0ms)


Started GET "/api/v1/photos" for 192.168.1.100 at 2025-07-07 20:19:00 +0700
Processing by Api::V1::PhotosController#index as HTML
  [1m[36mPhoto Load (2.8ms)[0m  [1m[34mSELECT "photos".* FROM "photos" /*action='index',application='Backend',controller='photos'*/[0m
  ↳ app/controllers/api/v1/photos_controller.rb:9:in `index'
Completed 200 OK in 13ms (Views: 8.5ms | ActiveRecord: 2.8ms (1 query, 0 cached) | GC: 0.6ms)


Started GET "/api/v1/photos" for 192.168.1.100 at 2025-07-07 20:23:25 +0700
Processing by Api::V1::PhotosController#index as HTML
  [1m[36mPhoto Load (1.4ms)[0m  [1m[34mSELECT "photos".* FROM "photos" /*action='index',application='Backend',controller='photos'*/[0m
  ↳ app/controllers/api/v1/photos_controller.rb:9:in `index'
Completed 200 OK in 7ms (Views: 5.5ms | ActiveRecord: 1.4ms (1 query, 0 cached) | GC: 0.0ms)


Started GET "/api/v1/photos" for 192.168.1.100 at 2025-07-07 20:23:29 +0700
Processing by Api::V1::PhotosController#index as HTML
  [1m[36mPhoto Load (0.2ms)[0m  [1m[34mSELECT "photos".* FROM "photos" /*action='index',application='Backend',controller='photos'*/[0m
  ↳ app/controllers/api/v1/photos_controller.rb:9:in `index'
Completed 200 OK in 9ms (Views: 9.0ms | ActiveRecord: 0.2ms (1 query, 0 cached) | GC: 1.5ms)


Started GET "/api/v1/photos" for 192.168.1.100 at 2025-07-07 20:23:48 +0700
Processing by Api::V1::PhotosController#index as HTML
  [1m[36mPhoto Load (0.5ms)[0m  [1m[34mSELECT "photos".* FROM "photos" /*action='index',application='Backend',controller='photos'*/[0m
  ↳ app/controllers/api/v1/photos_controller.rb:9:in `index'
Completed 200 OK in 9ms (Views: 8.4ms | ActiveRecord: 0.5ms (1 query, 0 cached) | GC: 0.0ms)


Started GET "/api/v1/photos" for 192.168.1.100 at 2025-07-07 20:23:56 +0700
Processing by Api::V1::PhotosController#index as HTML
  [1m[36mPhoto Load (0.3ms)[0m  [1m[34mSELECT "photos".* FROM "photos" /*action='index',application='Backend',controller='photos'*/[0m
  ↳ app/controllers/api/v1/photos_controller.rb:9:in `index'
Completed 200 OK in 6ms (Views: 5.4ms | ActiveRecord: 0.2ms (1 query, 0 cached) | GC: 0.0ms)


Started GET "/api/v1/photos" for 192.168.1.100 at 2025-07-07 20:24:52 +0700
Processing by Api::V1::PhotosController#index as HTML
  [1m[36mPhoto Load (0.4ms)[0m  [1m[34mSELECT "photos".* FROM "photos" /*action='index',application='Backend',controller='photos'*/[0m
  ↳ app/controllers/api/v1/photos_controller.rb:9:in `index'
Completed 200 OK in 5ms (Views: 3.8ms | ActiveRecord: 0.3ms (1 query, 0 cached) | GC: 0.0ms)


Started GET "/api/v1/photos" for 192.168.1.100 at 2025-07-07 20:24:58 +0700
Processing by Api::V1::PhotosController#index as HTML
  [1m[36mPhoto Load (0.4ms)[0m  [1m[34mSELECT "photos".* FROM "photos" /*action='index',application='Backend',controller='photos'*/[0m
  ↳ app/controllers/api/v1/photos_controller.rb:9:in `index'
Completed 200 OK in 9ms (Views: 7.6ms | ActiveRecord: 0.4ms (1 query, 0 cached) | GC: 0.0ms)


Started GET "/api/v1/photos" for 192.168.1.100 at 2025-07-07 20:25:13 +0700
Processing by Api::V1::PhotosController#index as HTML
  [1m[36mPhoto Load (0.4ms)[0m  [1m[34mSELECT "photos".* FROM "photos" /*action='index',application='Backend',controller='photos'*/[0m
  ↳ app/controllers/api/v1/photos_controller.rb:9:in `index'
Completed 200 OK in 13ms (Views: 12.1ms | ActiveRecord: 0.4ms (1 query, 0 cached) | GC: 5.4ms)


Started GET "/api/v1/photos" for 192.168.1.100 at 2025-07-07 20:25:17 +0700
Processing by Api::V1::PhotosController#index as HTML
  [1m[36mPhoto Load (4.1ms)[0m  [1m[34mSELECT "photos".* FROM "photos" /*action='index',application='Backend',controller='photos'*/[0m
  ↳ app/controllers/api/v1/photos_controller.rb:9:in `index'
Completed 200 OK in 8ms (Views: 4.0ms | ActiveRecord: 4.1ms (1 query, 0 cached) | GC: 0.0ms)


Started GET "/api/v1/photos" for 192.168.1.100 at 2025-07-07 20:28:21 +0700
Processing by Api::V1::PhotosController#index as HTML
  [1m[36mPhoto Load (4.8ms)[0m  [1m[34mSELECT "photos".* FROM "photos" /*action='index',application='Backend',controller='photos'*/[0m
  ↳ app/controllers/api/v1/photos_controller.rb:9:in `index'
Completed 200 OK in 11ms (Views: 5.8ms | ActiveRecord: 4.8ms (1 query, 0 cached) | GC: 0.0ms)


Started GET "/api/v1/photos" for 192.168.1.100 at 2025-07-07 20:34:15 +0700
Processing by Api::V1::PhotosController#index as HTML
  [1m[36mPhoto Load (7.4ms)[0m  [1m[34mSELECT "photos".* FROM "photos" /*action='index',application='Backend',controller='photos'*/[0m
  ↳ app/controllers/api/v1/photos_controller.rb:9:in `index'
Completed 200 OK in 16ms (Views: 7.6ms | ActiveRecord: 7.4ms (1 query, 0 cached) | GC: 0.0ms)


Started GET "/api/v1/photos" for 192.168.1.100 at 2025-07-07 20:34:46 +0700
Processing by Api::V1::PhotosController#index as HTML
  [1m[36mPhoto Load (0.4ms)[0m  [1m[34mSELECT "photos".* FROM "photos" /*action='index',application='Backend',controller='photos'*/[0m
  ↳ app/controllers/api/v1/photos_controller.rb:9:in `index'
Completed 200 OK in 4ms (Views: 3.1ms | ActiveRecord: 0.4ms (1 query, 0 cached) | GC: 0.0ms)


Started GET "/api/v1/photos" for 192.168.1.100 at 2025-07-07 20:34:59 +0700
Processing by Api::V1::PhotosController#index as HTML
  [1m[36mPhoto Load (0.8ms)[0m  [1m[34mSELECT "photos".* FROM "photos" /*action='index',application='Backend',controller='photos'*/[0m
  ↳ app/controllers/api/v1/photos_controller.rb:9:in `index'
Completed 200 OK in 16ms (Views: 14.3ms | ActiveRecord: 0.8ms (1 query, 0 cached) | GC: 0.0ms)


Started GET "/api/v1/photos" for 192.168.1.100 at 2025-07-07 20:36:15 +0700
Processing by Api::V1::PhotosController#index as HTML
  [1m[36mPhoto Load (0.6ms)[0m  [1m[34mSELECT "photos".* FROM "photos" /*action='index',application='Backend',controller='photos'*/[0m
  ↳ app/controllers/api/v1/photos_controller.rb:9:in `index'
Completed 200 OK in 5ms (Views: 4.1ms | ActiveRecord: 0.5ms (1 query, 0 cached) | GC: 0.5ms)


Started GET "/api/v1/photos" for 192.168.1.100 at 2025-07-07 20:36:33 +0700
Processing by Api::V1::PhotosController#index as HTML
  [1m[36mPhoto Load (1.4ms)[0m  [1m[34mSELECT "photos".* FROM "photos" /*action='index',application='Backend',controller='photos'*/[0m
  ↳ app/controllers/api/v1/photos_controller.rb:9:in `index'
Completed 200 OK in 16ms (Views: 13.9ms | ActiveRecord: 1.4ms (1 query, 0 cached) | GC: 0.0ms)


Started GET "/api/v1/photos" for 192.168.1.100 at 2025-07-07 20:36:57 +0700
Processing by Api::V1::PhotosController#index as HTML
  [1m[36mPhoto Load (0.4ms)[0m  [1m[34mSELECT "photos".* FROM "photos" /*action='index',application='Backend',controller='photos'*/[0m
  ↳ app/controllers/api/v1/photos_controller.rb:9:in `index'
Completed 200 OK in 9ms (Views: 7.7ms | ActiveRecord: 0.4ms (1 query, 0 cached) | GC: 0.0ms)


Started GET "/api/v1/photos" for 192.168.1.100 at 2025-07-07 20:37:35 +0700
Processing by Api::V1::PhotosController#index as HTML
  [1m[36mPhoto Load (0.5ms)[0m  [1m[34mSELECT "photos".* FROM "photos" /*action='index',application='Backend',controller='photos'*/[0m
  ↳ app/controllers/api/v1/photos_controller.rb:9:in `index'
Completed 200 OK in 4ms (Views: 3.4ms | ActiveRecord: 0.5ms (1 query, 0 cached) | GC: 0.0ms)


Started GET "/api/v1/photos" for 192.168.1.100 at 2025-07-07 20:43:17 +0700
Processing by Api::V1::PhotosController#index as HTML
  [1m[36mPhoto Load (5.8ms)[0m  [1m[34mSELECT "photos".* FROM "photos" /*action='index',application='Backend',controller='photos'*/[0m
  ↳ app/controllers/api/v1/photos_controller.rb:9:in `index'
Completed 200 OK in 12ms (Views: 6.0ms | ActiveRecord: 5.8ms (1 query, 0 cached) | GC: 0.0ms)


Started GET "/api/v1/photos" for 192.168.1.100 at 2025-07-07 20:50:08 +0700
Processing by Api::V1::PhotosController#index as HTML
  [1m[36mPhoto Load (10.4ms)[0m  [1m[34mSELECT "photos".* FROM "photos" /*action='index',application='Backend',controller='photos'*/[0m
  ↳ app/controllers/api/v1/photos_controller.rb:9:in `index'
Completed 200 OK in 54ms (Views: 42.4ms | ActiveRecord: 10.4ms (1 query, 0 cached) | GC: 10.9ms)


Started GET "/api/v1/photos" for 192.168.1.100 at 2025-07-07 20:57:30 +0700
Processing by Api::V1::PhotosController#index as HTML
  [1m[36mPhoto Load (6.3ms)[0m  [1m[34mSELECT "photos".* FROM "photos" /*action='index',application='Backend',controller='photos'*/[0m
  ↳ app/controllers/api/v1/photos_controller.rb:9:in `index'
Completed 200 OK in 13ms (Views: 5.9ms | ActiveRecord: 6.2ms (1 query, 0 cached) | GC: 0.0ms)


Started GET "/api/v1/photos" for 192.168.1.100 at 2025-07-07 21:17:58 +0700
Processing by Api::V1::PhotosController#index as HTML
  [1m[36mPhoto Load (8.2ms)[0m  [1m[34mSELECT "photos".* FROM "photos" /*action='index',application='Backend',controller='photos'*/[0m
  ↳ app/controllers/api/v1/photos_controller.rb:9:in `index'
Completed 200 OK in 23ms (Views: 13.5ms | ActiveRecord: 8.2ms (1 query, 0 cached) | GC: 0.0ms)


Started GET "/api/v1/photos" for 192.168.1.100 at 2025-07-07 21:17:59 +0700
Processing by Api::V1::PhotosController#index as HTML
  [1m[36mPhoto Load (0.6ms)[0m  [1m[34mSELECT "photos".* FROM "photos" /*action='index',application='Backend',controller='photos'*/[0m
  ↳ app/controllers/api/v1/photos_controller.rb:9:in `index'
Completed 200 OK in 14ms (Views: 13.6ms | ActiveRecord: 0.6ms (1 query, 0 cached) | GC: 2.8ms)


Started GET "/api/v1/photos" for 192.168.1.100 at 2025-07-07 21:18:22 +0700
Processing by Api::V1::PhotosController#index as HTML
  [1m[36mPhoto Load (0.5ms)[0m  [1m[34mSELECT "photos".* FROM "photos" /*action='index',application='Backend',controller='photos'*/[0m
  ↳ app/controllers/api/v1/photos_controller.rb:9:in `index'
Completed 200 OK in 5ms (Views: 4.4ms | ActiveRecord: 0.5ms (1 query, 0 cached) | GC: 0.0ms)


Started GET "/api/v1/photos" for 192.168.1.100 at 2025-07-07 21:18:22 +0700
Processing by Api::V1::PhotosController#index as HTML
  [1m[36mPhoto Load (1.9ms)[0m  [1m[34mSELECT "photos".* FROM "photos" /*action='index',application='Backend',controller='photos'*/[0m
  ↳ app/controllers/api/v1/photos_controller.rb:9:in `index'
Completed 200 OK in 4ms (Views: 2.3ms | ActiveRecord: 1.9ms (1 query, 0 cached) | GC: 0.4ms)


Started GET "/api/v1/photos" for 192.168.1.100 at 2025-07-07 21:18:47 +0700
Processing by Api::V1::PhotosController#index as HTML
  [1m[36mPhoto Load (0.9ms)[0m  [1m[34mSELECT "photos".* FROM "photos" /*action='index',application='Backend',controller='photos'*/[0m
  ↳ app/controllers/api/v1/photos_controller.rb:9:in `index'
Completed 200 OK in 13ms (Views: 9.5ms | ActiveRecord: 0.9ms (1 query, 0 cached) | GC: 1.2ms)


Started GET "/api/v1/photos" for 192.168.1.100 at 2025-07-07 21:18:49 +0700
Processing by Api::V1::PhotosController#index as HTML
  [1m[36mPhoto Load (0.7ms)[0m  [1m[34mSELECT "photos".* FROM "photos" /*action='index',application='Backend',controller='photos'*/[0m
  ↳ app/controllers/api/v1/photos_controller.rb:9:in `index'
Completed 200 OK in 10ms (Views: 9.3ms | ActiveRecord: 0.7ms (1 query, 0 cached) | GC: 1.1ms)


Started GET "/api/v1/photos" for 192.168.1.100 at 2025-07-07 21:19:01 +0700
Processing by Api::V1::PhotosController#index as HTML
  [1m[36mPhoto Load (0.4ms)[0m  [1m[34mSELECT "photos".* FROM "photos" /*action='index',application='Backend',controller='photos'*/[0m
  ↳ app/controllers/api/v1/photos_controller.rb:9:in `index'
Completed 200 OK in 4ms (Views: 3.3ms | ActiveRecord: 0.3ms (1 query, 0 cached) | GC: 0.0ms)


Started GET "/api/v1/photos" for 192.168.1.100 at 2025-07-07 21:24:16 +0700
Processing by Api::V1::PhotosController#index as HTML
  [1m[36mPhoto Load (5.6ms)[0m  [1m[34mSELECT "photos".* FROM "photos" /*action='index',application='Backend',controller='photos'*/[0m
  ↳ app/controllers/api/v1/photos_controller.rb:9:in `index'
Completed 200 OK in 16ms (Views: 9.1ms | ActiveRecord: 5.6ms (1 query, 0 cached) | GC: 0.0ms)


Started GET "/api/v1/photos" for 192.168.1.100 at 2025-07-07 21:24:16 +0700
Processing by Api::V1::PhotosController#index as HTML
  [1m[36mPhoto Load (0.6ms)[0m  [1m[34mSELECT "photos".* FROM "photos" /*action='index',application='Backend',controller='photos'*/[0m
  ↳ app/controllers/api/v1/photos_controller.rb:9:in `index'
Completed 200 OK in 3ms (Views: 2.8ms | ActiveRecord: 0.6ms (1 query, 0 cached) | GC: 0.0ms)


Started GET "/api/v1/photos" for 192.168.1.100 at 2025-07-07 21:24:34 +0700
Processing by Api::V1::PhotosController#index as HTML
  [1m[36mPhoto Load (0.8ms)[0m  [1m[34mSELECT "photos".* FROM "photos" /*action='index',application='Backend',controller='photos'*/[0m
  ↳ app/controllers/api/v1/photos_controller.rb:9:in `index'
Completed 200 OK in 10ms (Views: 8.1ms | ActiveRecord: 0.8ms (1 query, 0 cached) | GC: 0.0ms)


Started GET "/api/v1/photos" for 192.168.1.100 at 2025-07-07 21:40:37 +0700
Processing by Api::V1::PhotosController#index as HTML
  [1m[36mPhoto Load (7.7ms)[0m  [1m[34mSELECT "photos".* FROM "photos" /*action='index',application='Backend',controller='photos'*/[0m
  ↳ app/controllers/api/v1/photos_controller.rb:9:in `index'
Completed 200 OK in 14ms (Views: 6.0ms | ActiveRecord: 7.7ms (1 query, 0 cached) | GC: 0.0ms)


Started GET "/api/v1/photos" for 192.168.1.100 at 2025-07-07 21:40:40 +0700
Started GET "/api/v1/photos" for 192.168.1.100 at 2025-07-07 21:40:40 +0700
Processing by Api::V1::PhotosController#index as HTML
  [1m[36mPhoto Load (0.3ms)[0m  [1m[34mSELECT "photos".* FROM "photos" /*action='index',application='Backend',controller='photos'*/[0m
  ↳ app/controllers/api/v1/photos_controller.rb:9:in `index'
Completed 200 OK in 13ms (Views: 12.4ms | ActiveRecord: 0.3ms (1 query, 0 cached) | GC: 1.9ms)


Processing by Api::V1::PhotosController#index as HTML
  [1m[36mPhoto Load (0.2ms)[0m  [1m[34mSELECT "photos".* FROM "photos" /*action='index',application='Backend',controller='photos'*/[0m
  ↳ app/controllers/api/v1/photos_controller.rb:9:in `index'
Completed 200 OK in 2ms (Views: 2.0ms | ActiveRecord: 0.2ms (1 query, 0 cached) | GC: 0.0ms)


Started GET "/api/v1/photos" for 192.168.1.100 at 2025-07-07 21:40:41 +0700
Processing by Api::V1::PhotosController#index as HTML
  [1m[36mPhoto Load (4.9ms)[0m  [1m[34mSELECT "photos".* FROM "photos" /*action='index',application='Backend',controller='photos'*/[0m
  ↳ app/controllers/api/v1/photos_controller.rb:9:in `index'
Completed 200 OK in 12ms (Views: 6.9ms | ActiveRecord: 4.8ms (1 query, 0 cached) | GC: 2.3ms)


Started GET "/api/v1/photos" for 192.168.1.100 at 2025-07-07 21:40:51 +0700
Processing by Api::V1::PhotosController#index as HTML
  [1m[36mPhoto Load (0.1ms)[0m  [1m[34mSELECT "photos".* FROM "photos" /*action='index',application='Backend',controller='photos'*/[0m
  ↳ app/controllers/api/v1/photos_controller.rb:9:in `index'
Completed 200 OK in 2ms (Views: 1.7ms | ActiveRecord: 0.1ms (1 query, 0 cached) | GC: 0.0ms)


Started GET "/api/v1/photos" for 192.168.1.100 at 2025-07-07 21:40:52 +0700
Processing by Api::V1::PhotosController#index as HTML
  [1m[36mPhoto Load (2.9ms)[0m  [1m[34mSELECT "photos".* FROM "photos" /*action='index',application='Backend',controller='photos'*/[0m
  ↳ app/controllers/api/v1/photos_controller.rb:9:in `index'
Completed 200 OK in 7ms (Views: 3.6ms | ActiveRecord: 2.9ms (1 query, 0 cached) | GC: 1.3ms)


  [1m[36mActiveRecord::SchemaMigration Load (0.3ms)[0m  [1m[34mSELECT "schema_migrations"."version" FROM "schema_migrations" ORDER BY "schema_migrations"."version" ASC /*application='Backend'*/[0m
  [1m[36mActiveRecord::InternalMetadata Load (0.2ms)[0m  [1m[34mSELECT * FROM "ar_internal_metadata" WHERE "ar_internal_metadata"."key" = 'environment' ORDER BY "ar_internal_metadata"."key" ASC LIMIT 1 /*application='Backend'*/[0m
  [1m[36mActiveRecord::SchemaMigration Load (0.0ms)[0m  [1m[34mSELECT "schema_migrations"."version" FROM "schema_migrations" ORDER BY "schema_migrations"."version" ASC /*application='Backend'*/[0m
  [1m[36mActiveRecord::InternalMetadata Load (0.0ms)[0m  [1m[34mSELECT * FROM "ar_internal_metadata" WHERE "ar_internal_metadata"."key" = 'environment' ORDER BY "ar_internal_metadata"."key" ASC LIMIT 1 /*application='Backend'*/[0m
  [1m[36mActiveRecord::SchemaMigration Load (0.0ms)[0m  [1m[34mSELECT "schema_migrations"."version" FROM "schema_migrations" ORDER BY "schema_migrations"."version" ASC /*application='Backend'*/[0m
  [1m[36mActiveRecord::InternalMetadata Load (0.0ms)[0m  [1m[34mSELECT * FROM "ar_internal_metadata" WHERE "ar_internal_metadata"."key" = 'environment' ORDER BY "ar_internal_metadata"."key" ASC LIMIT 1 /*application='Backend'*/[0m
  [1m[35m (0.7ms)[0m  [1m[35mDROP TABLE IF EXISTS "photos" /*application='Backend'*/[0m
  [1m[35m (0.6ms)[0m  [1m[35mCREATE TABLE "photos" ("id" integer PRIMARY KEY AUTOINCREMENT NOT NULL, "title" varchar, "image_url" varchar, "category" varchar, "created_at" datetime(6) NOT NULL, "updated_at" datetime(6) NOT NULL, "photographer" varchar) /*application='Backend'*/[0m
  [1m[35m (0.1ms)[0m  [1m[35mCREATE TABLE "schema_migrations" ("version" varchar NOT NULL PRIMARY KEY) /*application='Backend'*/[0m
  [1m[36mActiveRecord::SchemaMigration Load (0.0ms)[0m  [1m[34mSELECT "schema_migrations"."version" FROM "schema_migrations" ORDER BY "schema_migrations"."version" ASC /*application='Backend'*/[0m
  [1m[35m (0.0ms)[0m  [1m[32mINSERT INTO "schema_migrations" (version) VALUES (20250707095850) /*application='Backend'*/[0m
  [1m[35m (0.0ms)[0m  [1m[32mINSERT INTO "schema_migrations" (version) VALUES
(20250707083214); /*application='Backend'*/[0m
  [1m[35m (0.1ms)[0m  [1m[35mCREATE TABLE "ar_internal_metadata" ("key" varchar NOT NULL PRIMARY KEY, "value" varchar, "created_at" datetime(6) NOT NULL, "updated_at" datetime(6) NOT NULL) /*application='Backend'*/[0m
  [1m[36mActiveRecord::InternalMetadata Load (0.1ms)[0m  [1m[34mSELECT * FROM "ar_internal_metadata" WHERE "ar_internal_metadata"."key" = 'environment' ORDER BY "ar_internal_metadata"."key" ASC LIMIT 1 /*application='Backend'*/[0m
  [1m[36mActiveRecord::InternalMetadata Create (0.1ms)[0m  [1m[32mINSERT INTO "ar_internal_metadata" ("key", "value", "created_at", "updated_at") VALUES ('environment', 'development', '2025-07-07 15:49:33.179374', '2025-07-07 15:49:33.179376') RETURNING "key" /*application='Backend'*/[0m
  [1m[36mActiveRecord::InternalMetadata Load (0.0ms)[0m  [1m[34mSELECT * FROM "ar_internal_metadata" WHERE "ar_internal_metadata"."key" = 'environment' ORDER BY "ar_internal_metadata"."key" ASC LIMIT 1 /*application='Backend'*/[0m
  [1m[36mActiveRecord::InternalMetadata Load (0.0ms)[0m  [1m[34mSELECT * FROM "ar_internal_metadata" WHERE "ar_internal_metadata"."key" = 'schema_sha1' ORDER BY "ar_internal_metadata"."key" ASC LIMIT 1 /*application='Backend'*/[0m
  [1m[36mActiveRecord::InternalMetadata Create (0.0ms)[0m  [1m[32mINSERT INTO "ar_internal_metadata" ("key", "value", "created_at", "updated_at") VALUES ('schema_sha1', '23dd20f9ae47202c42ea112ff471f14ccadd2275', '2025-07-07 15:49:33.180492', '2025-07-07 15:49:33.180493') RETURNING "key" /*application='Backend'*/[0m
  [1m[35m (0.4ms)[0m  [1m[35mDROP TABLE IF EXISTS "photos" /*application='Backend'*/[0m
  [1m[35m (0.3ms)[0m  [1m[35mCREATE TABLE "photos" ("id" integer PRIMARY KEY AUTOINCREMENT NOT NULL, "title" varchar, "image_url" varchar, "category" varchar, "created_at" datetime(6) NOT NULL, "updated_at" datetime(6) NOT NULL, "photographer" varchar) /*application='Backend'*/[0m
  [1m[35m (0.1ms)[0m  [1m[35mCREATE TABLE "schema_migrations" ("version" varchar NOT NULL PRIMARY KEY) /*application='Backend'*/[0m
  [1m[36mActiveRecord::SchemaMigration Load (0.0ms)[0m  [1m[34mSELECT "schema_migrations"."version" FROM "schema_migrations" ORDER BY "schema_migrations"."version" ASC /*application='Backend'*/[0m
  [1m[35m (0.0ms)[0m  [1m[32mINSERT INTO "schema_migrations" (version) VALUES (20250707095850) /*application='Backend'*/[0m
  [1m[35m (0.0ms)[0m  [1m[32mINSERT INTO "schema_migrations" (version) VALUES
(20250707083214); /*application='Backend'*/[0m
  [1m[35m (0.1ms)[0m  [1m[35mCREATE TABLE "ar_internal_metadata" ("key" varchar NOT NULL PRIMARY KEY, "value" varchar, "created_at" datetime(6) NOT NULL, "updated_at" datetime(6) NOT NULL) /*application='Backend'*/[0m
  [1m[36mActiveRecord::InternalMetadata Load (0.0ms)[0m  [1m[34mSELECT * FROM "ar_internal_metadata" WHERE "ar_internal_metadata"."key" = 'environment' ORDER BY "ar_internal_metadata"."key" ASC LIMIT 1 /*application='Backend'*/[0m
  [1m[36mActiveRecord::InternalMetadata Create (0.1ms)[0m  [1m[32mINSERT INTO "ar_internal_metadata" ("key", "value", "created_at", "updated_at") VALUES ('environment', 'development', '2025-07-07 15:49:33.186465', '2025-07-07 15:49:33.186466') RETURNING "key" /*application='Backend'*/[0m
  [1m[36mActiveRecord::InternalMetadata Load (0.0ms)[0m  [1m[34mSELECT * FROM "ar_internal_metadata" WHERE "ar_internal_metadata"."key" = 'environment' ORDER BY "ar_internal_metadata"."key" ASC LIMIT 1 /*application='Backend'*/[0m
  [1m[36mActiveRecord::InternalMetadata Update (0.0ms)[0m  [1m[33mUPDATE "ar_internal_metadata" SET "value" = 'test', "updated_at" = '2025-07-07 15:49:33.187349' WHERE "ar_internal_metadata"."key" = 'environment' /*application='Backend'*/[0m
  [1m[36mActiveRecord::InternalMetadata Load (0.0ms)[0m  [1m[34mSELECT * FROM "ar_internal_metadata" WHERE "ar_internal_metadata"."key" = 'schema_sha1' ORDER BY "ar_internal_metadata"."key" ASC LIMIT 1 /*application='Backend'*/[0m
  [1m[36mActiveRecord::InternalMetadata Create (0.0ms)[0m  [1m[32mINSERT INTO "ar_internal_metadata" ("key", "value", "created_at", "updated_at") VALUES ('schema_sha1', '23dd20f9ae47202c42ea112ff471f14ccadd2275', '2025-07-07 15:49:33.188003', '2025-07-07 15:49:33.188003') RETURNING "key" /*application='Backend'*/[0m
  [1m[36mActiveRecord::SchemaMigration Load (0.0ms)[0m  [1m[34mSELECT "schema_migrations"."version" FROM "schema_migrations" ORDER BY "schema_migrations"."version" ASC /*application='Backend'*/[0m
  [1m[36mPhoto Delete All (0.2ms)[0m  [1m[31mDELETE FROM "photos" /*application='Backend'*/[0m
  [1m[36mTRANSACTION (0.0ms)[0m  [1m[35mBEGIN immediate TRANSACTION /*application='Backend'*/[0m
  [1m[36mPhoto Create (0.6ms)[0m  [1m[32mINSERT INTO "photos" ("title", "image_url", "category", "created_at", "updated_at", "photographer") VALUES ('Golden Crispy Delight', 'https://kothihaaung.github.io/assets/images/food/burger1.jpg', 'Burger', '2025-07-07 15:49:33.203807', '2025-07-07 15:49:33.203807', 'Isabella Nguyen') RETURNING "id" /*application='Backend'*/[0m
  [1m[36mTRANSACTION (0.0ms)[0m  [1m[35mCOMMIT TRANSACTION /*application='Backend'*/[0m
  [1m[36mTRANSACTION (0.0ms)[0m  [1m[35mBEGIN immediate TRANSACTION /*application='Backend'*/[0m
  [1m[36mPhoto Create (0.4ms)[0m  [1m[32mINSERT INTO "photos" ("title", "image_url", "category", "created_at", "updated_at", "photographer") VALUES ('Midnight Snack Attack', 'https://kothihaaung.github.io/assets/images/food/burger2.jpg', 'Burger', '2025-07-07 15:49:33.205528', '2025-07-07 15:49:33.205528', 'Ava Smith') RETURNING "id" /*application='Backend'*/[0m
  [1m[36mTRANSACTION (0.0ms)[0m  [1m[35mCOMMIT TRANSACTION /*application='Backend'*/[0m
  [1m[36mTRANSACTION (0.0ms)[0m  [1m[35mBEGIN immediate TRANSACTION /*application='Backend'*/[0m
  [1m[36mPhoto Create (0.4ms)[0m  [1m[32mINSERT INTO "photos" ("title", "image_url", "category", "created_at", "updated_at", "photographer") VALUES ('Flavors of the East', 'https://kothihaaung.github.io/assets/images/food/burger3.jpg', 'Burger', '2025-07-07 15:49:33.206780', '2025-07-07 15:49:33.206780', 'Noah Tanaka') RETURNING "id" /*application='Backend'*/[0m
  [1m[36mTRANSACTION (0.0ms)[0m  [1m[35mCOMMIT TRANSACTION /*application='Backend'*/[0m
  [1m[36mTRANSACTION (0.0ms)[0m  [1m[35mBEGIN immediate TRANSACTION /*application='Backend'*/[0m
  [1m[36mPhoto Create (0.4ms)[0m  [1m[32mINSERT INTO "photos" ("title", "image_url", "category", "created_at", "updated_at", "photographer") VALUES ('Sweet Tooth Fantasy', 'https://kothihaaung.github.io/assets/images/food/cookie1.jpg', 'Cookie', '2025-07-07 15:49:33.208017', '2025-07-07 15:49:33.208017', 'Liam Wong') RETURNING "id" /*application='Backend'*/[0m
  [1m[36mTRANSACTION (0.0ms)[0m  [1m[35mCOMMIT TRANSACTION /*application='Backend'*/[0m
  [1m[36mTRANSACTION (0.0ms)[0m  [1m[35mBEGIN immediate TRANSACTION /*application='Backend'*/[0m
  [1m[36mPhoto Create (0.4ms)[0m  [1m[32mINSERT INTO "photos" ("title", "image_url", "category", "created_at", "updated_at", "photographer") VALUES ('Charred to Perfection', 'https://kothihaaung.github.io/assets/images/food/fish1.jpg', 'Fish', '2025-07-07 15:49:33.209205', '2025-07-07 15:49:33.209205', 'Ethan Becker') RETURNING "id" /*application='Backend'*/[0m
  [1m[36mTRANSACTION (0.1ms)[0m  [1m[35mCOMMIT TRANSACTION /*application='Backend'*/[0m
  [1m[36mTRANSACTION (0.0ms)[0m  [1m[35mBEGIN immediate TRANSACTION /*application='Backend'*/[0m
  [1m[36mPhoto Create (0.5ms)[0m  [1m[32mINSERT INTO "photos" ("title", "image_url", "category", "created_at", "updated_at", "photographer") VALUES ('Ocean on a Plate', 'https://kothihaaung.github.io/assets/images/food/grill1.jpg', 'Grill', '2025-07-07 15:49:33.215704', '2025-07-07 15:49:33.215704', 'Emily Tran') RETURNING "id" /*application='Backend'*/[0m
  [1m[36mTRANSACTION (0.0ms)[0m  [1m[35mCOMMIT TRANSACTION /*application='Backend'*/[0m
  [1m[36mTRANSACTION (0.0ms)[0m  [1m[35mBEGIN immediate TRANSACTION /*application='Backend'*/[0m
  [1m[36mPhoto Create (0.4ms)[0m  [1m[32mINSERT INTO "photos" ("title", "image_url", "category", "created_at", "updated_at", "photographer") VALUES ('Melting Moments', 'https://kothihaaung.github.io/assets/images/food/ice-cream1.jpg', 'Ice cream', '2025-07-07 15:49:33.216951', '2025-07-07 15:49:33.216951', 'Noah Tanaka') RETURNING "id" /*application='Backend'*/[0m
  [1m[36mTRANSACTION (0.0ms)[0m  [1m[35mCOMMIT TRANSACTION /*application='Backend'*/[0m
  [1m[36mTRANSACTION (0.0ms)[0m  [1m[35mBEGIN immediate TRANSACTION /*application='Backend'*/[0m
  [1m[36mPhoto Create (0.4ms)[0m  [1m[32mINSERT INTO "photos" ("title", "image_url", "category", "created_at", "updated_at", "photographer") VALUES ('Piled High & Proud', 'https://kothihaaung.github.io/assets/images/food/ice-cream2.jpg', 'Ice cream', '2025-07-07 15:49:33.218527', '2025-07-07 15:49:33.218527', 'Isabella Nguyen') RETURNING "id" /*application='Backend'*/[0m
  [1m[36mTRANSACTION (0.0ms)[0m  [1m[35mCOMMIT TRANSACTION /*application='Backend'*/[0m
  [1m[36mTRANSACTION (0.0ms)[0m  [1m[35mBEGIN immediate TRANSACTION /*application='Backend'*/[0m
  [1m[36mPhoto Create (0.4ms)[0m  [1m[32mINSERT INTO "photos" ("title", "image_url", "category", "created_at", "updated_at", "photographer") VALUES ('Dreamy Dessert Daze', 'https://kothihaaung.github.io/assets/images/food/ice-cream3.jpg', 'Ice cream', '2025-07-07 15:49:33.219688', '2025-07-07 15:49:33.219688', 'Liam Wong') RETURNING "id" /*application='Backend'*/[0m
  [1m[36mTRANSACTION (0.0ms)[0m  [1m[35mCOMMIT TRANSACTION /*application='Backend'*/[0m
  [1m[36mTRANSACTION (0.0ms)[0m  [1m[35mBEGIN immediate TRANSACTION /*application='Backend'*/[0m
  [1m[36mPhoto Create (0.6ms)[0m  [1m[32mINSERT INTO "photos" ("title", "image_url", "category", "created_at", "updated_at", "photographer") VALUES ('Stacked Sunday Treats', 'https://kothihaaung.github.io/assets/images/food/pan-cake1.jpg', 'Pan cake', '2025-07-07 15:49:33.220814', '2025-07-07 15:49:33.220814', 'Oliver Li') RETURNING "id" /*application='Backend'*/[0m
  [1m[36mTRANSACTION (0.0ms)[0m  [1m[35mCOMMIT TRANSACTION /*application='Backend'*/[0m
  [1m[36mTRANSACTION (0.0ms)[0m  [1m[35mBEGIN immediate TRANSACTION /*application='Backend'*/[0m
  [1m[36mPhoto Create (0.6ms)[0m  [1m[32mINSERT INTO "photos" ("title", "image_url", "category", "created_at", "updated_at", "photographer") VALUES ('A Taste of Italy', 'https://kothihaaung.github.io/assets/images/food/pasta1.jpg', 'Pasta', '2025-07-07 15:49:33.222190', '2025-07-07 15:49:33.222190', 'Sophie Mehta') RETURNING "id" /*application='Backend'*/[0m
  [1m[36mTRANSACTION (0.0ms)[0m  [1m[35mCOMMIT TRANSACTION /*application='Backend'*/[0m
  [1m[36mTRANSACTION (0.0ms)[0m  [1m[35mBEGIN immediate TRANSACTION /*application='Backend'*/[0m
  [1m[36mPhoto Create (0.5ms)[0m  [1m[32mINSERT INTO "photos" ("title", "image_url", "category", "created_at", "updated_at", "photographer") VALUES ('Noodle Nirvana', 'https://kothihaaung.github.io/assets/images/food/pasta2.jpg', 'Pasta', '2025-07-07 15:49:33.223493', '2025-07-07 15:49:33.223493', 'Ethan Becker') RETURNING "id" /*application='Backend'*/[0m
  [1m[36mTRANSACTION (0.0ms)[0m  [1m[35mCOMMIT TRANSACTION /*application='Backend'*/[0m
  [1m[36mTRANSACTION (0.0ms)[0m  [1m[35mBEGIN immediate TRANSACTION /*application='Backend'*/[0m
  [1m[36mPhoto Create (0.4ms)[0m  [1m[32mINSERT INTO "photos" ("title", "image_url", "category", "created_at", "updated_at", "photographer") VALUES ('Slice of Heaven', 'https://kothihaaung.github.io/assets/images/food/pizza1.jpg', 'Pizza', '2025-07-07 15:49:33.224807', '2025-07-07 15:49:33.224807', 'Noah Tanaka') RETURNING "id" /*application='Backend'*/[0m
  [1m[36mTRANSACTION (0.0ms)[0m  [1m[35mCOMMIT TRANSACTION /*application='Backend'*/[0m
  [1m[36mTRANSACTION (0.0ms)[0m  [1m[35mBEGIN immediate TRANSACTION /*application='Backend'*/[0m
  [1m[36mPhoto Create (0.4ms)[0m  [1m[32mINSERT INTO "photos" ("title", "image_url", "category", "created_at", "updated_at", "photographer") VALUES ('Rolling in Flavor', 'https://kothihaaung.github.io/assets/images/food/pizza2.jpg', 'Pizza', '2025-07-07 15:49:33.225920', '2025-07-07 15:49:33.225920', 'Emily Tran') RETURNING "id" /*application='Backend'*/[0m
  [1m[36mTRANSACTION (0.0ms)[0m  [1m[35mCOMMIT TRANSACTION /*application='Backend'*/[0m
  [1m[36mTRANSACTION (0.0ms)[0m  [1m[35mBEGIN immediate TRANSACTION /*application='Backend'*/[0m
  [1m[36mPhoto Create (0.4ms)[0m  [1m[32mINSERT INTO "photos" ("title", "image_url", "category", "created_at", "updated_at", "photographer") VALUES ('Frosted Fun', 'https://kothihaaung.github.io/assets/images/food/pizza3.jpg', 'Pizza', '2025-07-07 15:49:33.227035', '2025-07-07 15:49:33.227035', 'Lucas Kim') RETURNING "id" /*application='Backend'*/[0m
  [1m[36mTRANSACTION (0.0ms)[0m  [1m[35mCOMMIT TRANSACTION /*application='Backend'*/[0m
  [1m[36mTRANSACTION (0.0ms)[0m  [1m[35mBEGIN immediate TRANSACTION /*application='Backend'*/[0m
  [1m[36mPhoto Create (0.4ms)[0m  [1m[32mINSERT INTO "photos" ("title", "image_url", "category", "created_at", "updated_at", "photographer") VALUES ('Street Food Magic', 'https://kothihaaung.github.io/assets/images/food/ramen1.jpg', 'Ramen', '2025-07-07 15:49:33.228156', '2025-07-07 15:49:33.228156', 'Sophie Mehta') RETURNING "id" /*application='Backend'*/[0m
  [1m[36mTRANSACTION (0.1ms)[0m  [1m[35mCOMMIT TRANSACTION /*application='Backend'*/[0m
  [1m[36mTRANSACTION (0.0ms)[0m  [1m[35mBEGIN immediate TRANSACTION /*application='Backend'*/[0m
  [1m[36mPhoto Create (0.6ms)[0m  [1m[32mINSERT INTO "photos" ("title", "image_url", "category", "created_at", "updated_at", "photographer") VALUES ('Crunchy & Creamy', 'https://kothihaaung.github.io/assets/images/food/sushi1.jpg', 'Sushi', '2025-07-07 15:49:33.233488', '2025-07-07 15:49:33.233488', 'Ethan Becker') RETURNING "id" /*application='Backend'*/[0m
  [1m[36mTRANSACTION (0.0ms)[0m  [1m[35mCOMMIT TRANSACTION /*application='Backend'*/[0m
  [1m[36mTRANSACTION (0.0ms)[0m  [1m[35mBEGIN immediate TRANSACTION /*application='Backend'*/[0m
  [1m[36mPhoto Create (0.5ms)[0m  [1m[32mINSERT INTO "photos" ("title", "image_url", "category", "created_at", "updated_at", "photographer") VALUES ('Pantry Gourmet', 'https://kothihaaung.github.io/assets/images/food/sushi2.jpg', 'Sushi', '2025-07-07 15:49:33.235126', '2025-07-07 15:49:33.235126', 'Lucas Kim') RETURNING "id" /*application='Backend'*/[0m
  [1m[36mTRANSACTION (0.0ms)[0m  [1m[35mCOMMIT TRANSACTION /*application='Backend'*/[0m
  [1m[36mTRANSACTION (0.0ms)[0m  [1m[35mBEGIN immediate TRANSACTION /*application='Backend'*/[0m
  [1m[36mPhoto Create (0.4ms)[0m  [1m[32mINSERT INTO "photos" ("title", "image_url", "category", "created_at", "updated_at", "photographer") VALUES ('Classic Comfort', 'https://kothihaaung.github.io/assets/images/food/sushi3.jpg', 'Sushi', '2025-07-07 15:49:33.236669', '2025-07-07 15:49:33.236669', 'Oliver Li') RETURNING "id" /*application='Backend'*/[0m
  [1m[36mTRANSACTION (0.0ms)[0m  [1m[35mCOMMIT TRANSACTION /*application='Backend'*/[0m
  [1m[36mTRANSACTION (0.0ms)[0m  [1m[35mBEGIN immediate TRANSACTION /*application='Backend'*/[0m
  [1m[36mPhoto Create (0.4ms)[0m  [1m[32mINSERT INTO "photos" ("title", "image_url", "category", "created_at", "updated_at", "photographer") VALUES ('Seaside Sunset', 'https://kothihaaung.github.io/assets/images/food/taco1.jpg', 'Taco', '2025-07-07 15:49:33.237845', '2025-07-07 15:49:33.237845', 'Emily Tran') RETURNING "id" /*application='Backend'*/[0m
  [1m[36mTRANSACTION (0.0ms)[0m  [1m[35mCOMMIT TRANSACTION /*application='Backend'*/[0m
  [1m[36mTRANSACTION (0.0ms)[0m  [1m[35mBEGIN immediate TRANSACTION /*application='Backend'*/[0m
  [1m[36mPhoto Create (0.6ms)[0m  [1m[32mINSERT INTO "photos" ("title", "image_url", "category", "created_at", "updated_at", "photographer") VALUES ('Golden Crispy Delight', 'https://kothihaaung.github.io/assets/images/food/toast1.jpg', 'Toast', '2025-07-07 15:49:33.238967', '2025-07-07 15:49:33.238967', 'Liam Wong') RETURNING "id" /*application='Backend'*/[0m
  [1m[36mTRANSACTION (0.0ms)[0m  [1m[35mCOMMIT TRANSACTION /*application='Backend'*/[0m
  [1m[36mActiveRecord::SchemaMigration Load (0.4ms)[0m  [1m[34mSELECT "schema_migrations"."version" FROM "schema_migrations" ORDER BY "schema_migrations"."version" ASC /*application='Backend'*/[0m
  [1m[36mActiveRecord::InternalMetadata Load (0.0ms)[0m  [1m[34mSELECT * FROM "ar_internal_metadata" WHERE "ar_internal_metadata"."key" = 'environment' ORDER BY "ar_internal_metadata"."key" ASC LIMIT 1 /*application='Backend'*/[0m
  [1m[36mActiveRecord::SchemaMigration Load (0.0ms)[0m  [1m[34mSELECT "schema_migrations"."version" FROM "schema_migrations" ORDER BY "schema_migrations"."version" ASC /*application='Backend'*/[0m
  [1m[36mActiveRecord::InternalMetadata Load (0.0ms)[0m  [1m[34mSELECT * FROM "ar_internal_metadata" WHERE "ar_internal_metadata"."key" = 'environment' ORDER BY "ar_internal_metadata"."key" ASC LIMIT 1 /*application='Backend'*/[0m
  [1m[36mActiveRecord::SchemaMigration Load (0.0ms)[0m  [1m[34mSELECT "schema_migrations"."version" FROM "schema_migrations" ORDER BY "schema_migrations"."version" ASC /*application='Backend'*/[0m
  [1m[36mActiveRecord::InternalMetadata Load (0.0ms)[0m  [1m[34mSELECT * FROM "ar_internal_metadata" WHERE "ar_internal_metadata"."key" = 'environment' ORDER BY "ar_internal_metadata"."key" ASC LIMIT 1 /*application='Backend'*/[0m
  [1m[35m (0.6ms)[0m  [1m[35mDROP TABLE IF EXISTS "photos" /*application='Backend'*/[0m
  [1m[35m (0.1ms)[0m  [1m[35mCREATE TABLE "photos" ("id" integer PRIMARY KEY AUTOINCREMENT NOT NULL, "title" varchar, "image_url" varchar, "category" varchar, "created_at" datetime(6) NOT NULL, "updated_at" datetime(6) NOT NULL, "photographer" varchar) /*application='Backend'*/[0m
  [1m[36mActiveRecord::SchemaMigration Load (0.0ms)[0m  [1m[34mSELECT "schema_migrations"."version" FROM "schema_migrations" ORDER BY "schema_migrations"."version" ASC /*application='Backend'*/[0m
  [1m[36mActiveRecord::InternalMetadata Load (0.0ms)[0m  [1m[34mSELECT * FROM "ar_internal_metadata" WHERE "ar_internal_metadata"."key" = 'environment' ORDER BY "ar_internal_metadata"."key" ASC LIMIT 1 /*application='Backend'*/[0m
  [1m[36mActiveRecord::InternalMetadata Load (0.0ms)[0m  [1m[34mSELECT * FROM "ar_internal_metadata" WHERE "ar_internal_metadata"."key" = 'environment' ORDER BY "ar_internal_metadata"."key" ASC LIMIT 1 /*application='Backend'*/[0m
  [1m[36mActiveRecord::InternalMetadata Load (0.0ms)[0m  [1m[34mSELECT * FROM "ar_internal_metadata" WHERE "ar_internal_metadata"."key" = 'schema_sha1' ORDER BY "ar_internal_metadata"."key" ASC LIMIT 1 /*application='Backend'*/[0m
  [1m[35m (1.0ms)[0m  [1m[35mDROP TABLE IF EXISTS "photos" /*application='Backend'*/[0m
  [1m[35m (0.1ms)[0m  [1m[35mCREATE TABLE "photos" ("id" integer PRIMARY KEY AUTOINCREMENT NOT NULL, "title" varchar, "image_url" varchar, "category" varchar, "created_at" datetime(6) NOT NULL, "updated_at" datetime(6) NOT NULL, "photographer" varchar) /*application='Backend'*/[0m
  [1m[36mActiveRecord::SchemaMigration Load (0.2ms)[0m  [1m[34mSELECT "schema_migrations"."version" FROM "schema_migrations" ORDER BY "schema_migrations"."version" ASC /*application='Backend'*/[0m
  [1m[36mActiveRecord::InternalMetadata Load (0.0ms)[0m  [1m[34mSELECT * FROM "ar_internal_metadata" WHERE "ar_internal_metadata"."key" = 'environment' ORDER BY "ar_internal_metadata"."key" ASC LIMIT 1 /*application='Backend'*/[0m
  [1m[36mActiveRecord::InternalMetadata Update (0.0ms)[0m  [1m[33mUPDATE "ar_internal_metadata" SET "value" = 'development', "updated_at" = '2025-07-07 15:52:02.091598' WHERE "ar_internal_metadata"."key" = 'environment' /*application='Backend'*/[0m
  [1m[36mActiveRecord::InternalMetadata Load (0.0ms)[0m  [1m[34mSELECT * FROM "ar_internal_metadata" WHERE "ar_internal_metadata"."key" = 'environment' ORDER BY "ar_internal_metadata"."key" ASC LIMIT 1 /*application='Backend'*/[0m
  [1m[36mActiveRecord::InternalMetadata Update (0.0ms)[0m  [1m[33mUPDATE "ar_internal_metadata" SET "value" = 'test', "updated_at" = '2025-07-07 15:52:02.092481' WHERE "ar_internal_metadata"."key" = 'environment' /*application='Backend'*/[0m
  [1m[36mActiveRecord::InternalMetadata Load (0.0ms)[0m  [1m[34mSELECT * FROM "ar_internal_metadata" WHERE "ar_internal_metadata"."key" = 'schema_sha1' ORDER BY "ar_internal_metadata"."key" ASC LIMIT 1 /*application='Backend'*/[0m
  [1m[36mActiveRecord::SchemaMigration Load (0.0ms)[0m  [1m[34mSELECT "schema_migrations"."version" FROM "schema_migrations" ORDER BY "schema_migrations"."version" ASC /*application='Backend'*/[0m
  [1m[36mPhoto Delete All (0.2ms)[0m  [1m[31mDELETE FROM "photos" /*application='Backend'*/[0m
  [1m[36mTRANSACTION (0.0ms)[0m  [1m[35mBEGIN immediate TRANSACTION /*application='Backend'*/[0m
  [1m[36mPhoto Create (0.6ms)[0m  [1m[32mINSERT INTO "photos" ("title", "image_url", "category", "created_at", "updated_at", "photographer") VALUES ('Golden Crispy Delight', 'https://kothihaaung.github.io/assets/images/food/burger1.jpg', 'Burger', '2025-07-07 15:52:02.110489', '2025-07-07 15:52:02.110489', 'Emily Tran') RETURNING "id" /*application='Backend'*/[0m
  [1m[36mTRANSACTION (0.0ms)[0m  [1m[35mCOMMIT TRANSACTION /*application='Backend'*/[0m
  [1m[36mTRANSACTION (0.0ms)[0m  [1m[35mBEGIN immediate TRANSACTION /*application='Backend'*/[0m
  [1m[36mPhoto Create (0.5ms)[0m  [1m[32mINSERT INTO "photos" ("title", "image_url", "category", "created_at", "updated_at", "photographer") VALUES ('Midnight Snack Attack', 'https://kothihaaung.github.io/assets/images/food/burger2.jpg', 'Burger', '2025-07-07 15:52:02.112168', '2025-07-07 15:52:02.112168', 'Lucas Kim') RETURNING "id" /*application='Backend'*/[0m
  [1m[36mTRANSACTION (0.0ms)[0m  [1m[35mCOMMIT TRANSACTION /*application='Backend'*/[0m
  [1m[36mTRANSACTION (0.0ms)[0m  [1m[35mBEGIN immediate TRANSACTION /*application='Backend'*/[0m
  [1m[36mPhoto Create (0.4ms)[0m  [1m[32mINSERT INTO "photos" ("title", "image_url", "category", "created_at", "updated_at", "photographer") VALUES ('Flavors of the East', 'https://kothihaaung.github.io/assets/images/food/burger3.jpg', 'Burger', '2025-07-07 15:52:02.113459', '2025-07-07 15:52:02.113459', 'Lucas Kim') RETURNING "id" /*application='Backend'*/[0m
  [1m[36mTRANSACTION (0.0ms)[0m  [1m[35mCOMMIT TRANSACTION /*application='Backend'*/[0m
  [1m[36mTRANSACTION (0.0ms)[0m  [1m[35mBEGIN immediate TRANSACTION /*application='Backend'*/[0m
  [1m[36mPhoto Create (0.5ms)[0m  [1m[32mINSERT INTO "photos" ("title", "image_url", "category", "created_at", "updated_at", "photographer") VALUES ('Sweet Tooth Fantasy', 'https://kothihaaung.github.io/assets/images/food/cookie1.jpg', 'Cookie', '2025-07-07 15:52:02.114722', '2025-07-07 15:52:02.114722', 'Isabella Nguyen') RETURNING "id" /*application='Backend'*/[0m
  [1m[36mTRANSACTION (0.0ms)[0m  [1m[35mCOMMIT TRANSACTION /*application='Backend'*/[0m
  [1m[36mTRANSACTION (0.0ms)[0m  [1m[35mBEGIN immediate TRANSACTION /*application='Backend'*/[0m
  [1m[36mPhoto Create (0.4ms)[0m  [1m[32mINSERT INTO "photos" ("title", "image_url", "category", "created_at", "updated_at", "photographer") VALUES ('Charred to Perfection', 'https://kothihaaung.github.io/assets/images/food/fish1.jpg', 'Fish', '2025-07-07 15:52:02.115965', '2025-07-07 15:52:02.115965', 'Lucas Kim') RETURNING "id" /*application='Backend'*/[0m
  [1m[36mTRANSACTION (0.0ms)[0m  [1m[35mCOMMIT TRANSACTION /*application='Backend'*/[0m
  [1m[36mTRANSACTION (0.0ms)[0m  [1m[35mBEGIN immediate TRANSACTION /*application='Backend'*/[0m
  [1m[36mPhoto Create (0.4ms)[0m  [1m[32mINSERT INTO "photos" ("title", "image_url", "category", "created_at", "updated_at", "photographer") VALUES ('Ocean on a Plate', 'https://kothihaaung.github.io/assets/images/food/grill1.jpg', 'Grill', '2025-07-07 15:52:02.117161', '2025-07-07 15:52:02.117161', 'Ava Smith') RETURNING "id" /*application='Backend'*/[0m
  [1m[36mTRANSACTION (0.0ms)[0m  [1m[35mCOMMIT TRANSACTION /*application='Backend'*/[0m
  [1m[36mTRANSACTION (0.0ms)[0m  [1m[35mBEGIN immediate TRANSACTION /*application='Backend'*/[0m
  [1m[36mPhoto Create (0.4ms)[0m  [1m[32mINSERT INTO "photos" ("title", "image_url", "category", "created_at", "updated_at", "photographer") VALUES ('Melting Moments', 'https://kothihaaung.github.io/assets/images/food/ice-cream1.jpg', 'Ice cream', '2025-07-07 15:52:02.118347', '2025-07-07 15:52:02.118347', 'Noah Tanaka') RETURNING "id" /*application='Backend'*/[0m
  [1m[36mTRANSACTION (0.0ms)[0m  [1m[35mCOMMIT TRANSACTION /*application='Backend'*/[0m
  [1m[36mTRANSACTION (0.0ms)[0m  [1m[35mBEGIN immediate TRANSACTION /*application='Backend'*/[0m
  [1m[36mPhoto Create (0.5ms)[0m  [1m[32mINSERT INTO "photos" ("title", "image_url", "category", "created_at", "updated_at", "photographer") VALUES ('Piled High & Proud', 'https://kothihaaung.github.io/assets/images/food/ice-cream2.jpg', 'Ice cream', '2025-07-07 15:52:02.119591', '2025-07-07 15:52:02.119591', 'Ethan Becker') RETURNING "id" /*application='Backend'*/[0m
  [1m[36mTRANSACTION (0.0ms)[0m  [1m[35mCOMMIT TRANSACTION /*application='Backend'*/[0m
  [1m[36mTRANSACTION (0.0ms)[0m  [1m[35mBEGIN immediate TRANSACTION /*application='Backend'*/[0m
  [1m[36mPhoto Create (5.4ms)[0m  [1m[32mINSERT INTO "photos" ("title", "image_url", "category", "created_at", "updated_at", "photographer") VALUES ('Dreamy Dessert Daze', 'https://kothihaaung.github.io/assets/images/food/ice-cream3.jpg', 'Ice cream', '2025-07-07 15:52:02.120826', '2025-07-07 15:52:02.120826', 'Mia Choi') RETURNING "id" /*application='Backend'*/[0m
  [1m[36mTRANSACTION (0.0ms)[0m  [1m[35mCOMMIT TRANSACTION /*application='Backend'*/[0m
  [1m[36mTRANSACTION (0.0ms)[0m  [1m[35mBEGIN immediate TRANSACTION /*application='Backend'*/[0m
  [1m[36mPhoto Create (0.4ms)[0m  [1m[32mINSERT INTO "photos" ("title", "image_url", "category", "created_at", "updated_at", "photographer") VALUES ('Stacked Sunday Treats', 'https://kothihaaung.github.io/assets/images/food/pan-cake1.jpg', 'Pan cake', '2025-07-07 15:52:02.127088', '2025-07-07 15:52:02.127088', 'Ava Smith') RETURNING "id" /*application='Backend'*/[0m
  [1m[36mTRANSACTION (0.0ms)[0m  [1m[35mCOMMIT TRANSACTION /*application='Backend'*/[0m
  [1m[36mTRANSACTION (0.0ms)[0m  [1m[35mBEGIN immediate TRANSACTION /*application='Backend'*/[0m
  [1m[36mPhoto Create (0.4ms)[0m  [1m[32mINSERT INTO "photos" ("title", "image_url", "category", "created_at", "updated_at", "photographer") VALUES ('A Taste of Italy', 'https://kothihaaung.github.io/assets/images/food/pasta1.jpg', 'Pasta', '2025-07-07 15:52:02.128238', '2025-07-07 15:52:02.128238', 'Liam Wong') RETURNING "id" /*application='Backend'*/[0m
  [1m[36mTRANSACTION (0.0ms)[0m  [1m[35mCOMMIT TRANSACTION /*application='Backend'*/[0m
  [1m[36mTRANSACTION (0.0ms)[0m  [1m[35mBEGIN immediate TRANSACTION /*application='Backend'*/[0m
  [1m[36mPhoto Create (0.5ms)[0m  [1m[32mINSERT INTO "photos" ("title", "image_url", "category", "created_at", "updated_at", "photographer") VALUES ('Noodle Nirvana', 'https://kothihaaung.github.io/assets/images/food/pasta2.jpg', 'Pasta', '2025-07-07 15:52:02.129729', '2025-07-07 15:52:02.129729', 'Ethan Becker') RETURNING "id" /*application='Backend'*/[0m
  [1m[36mTRANSACTION (0.0ms)[0m  [1m[35mCOMMIT TRANSACTION /*application='Backend'*/[0m
  [1m[36mTRANSACTION (0.0ms)[0m  [1m[35mBEGIN immediate TRANSACTION /*application='Backend'*/[0m
  [1m[36mPhoto Create (0.4ms)[0m  [1m[32mINSERT INTO "photos" ("title", "image_url", "category", "created_at", "updated_at", "photographer") VALUES ('Slice of Heaven', 'https://kothihaaung.github.io/assets/images/food/pizza1.jpg', 'Pizza', '2025-07-07 15:52:02.131081', '2025-07-07 15:52:02.131081', 'Oliver Li') RETURNING "id" /*application='Backend'*/[0m
  [1m[36mTRANSACTION (0.0ms)[0m  [1m[35mCOMMIT TRANSACTION /*application='Backend'*/[0m
  [1m[36mTRANSACTION (0.0ms)[0m  [1m[35mBEGIN immediate TRANSACTION /*application='Backend'*/[0m
  [1m[36mPhoto Create (0.8ms)[0m  [1m[32mINSERT INTO "photos" ("title", "image_url", "category", "created_at", "updated_at", "photographer") VALUES ('Rolling in Flavor', 'https://kothihaaung.github.io/assets/images/food/pizza2.jpg', 'Pizza', '2025-07-07 15:52:02.132296', '2025-07-07 15:52:02.132296', 'Liam Wong') RETURNING "id" /*application='Backend'*/[0m
  [1m[36mTRANSACTION (0.0ms)[0m  [1m[35mCOMMIT TRANSACTION /*application='Backend'*/[0m
  [1m[36mTRANSACTION (0.0ms)[0m  [1m[35mBEGIN immediate TRANSACTION /*application='Backend'*/[0m
  [1m[36mPhoto Create (0.4ms)[0m  [1m[32mINSERT INTO "photos" ("title", "image_url", "category", "created_at", "updated_at", "photographer") VALUES ('Frosted Fun', 'https://kothihaaung.github.io/assets/images/food/pizza3.jpg', 'Pizza', '2025-07-07 15:52:02.134040', '2025-07-07 15:52:02.134040', 'Sophie Mehta') RETURNING "id" /*application='Backend'*/[0m
  [1m[36mTRANSACTION (0.0ms)[0m  [1m[35mCOMMIT TRANSACTION /*application='Backend'*/[0m
  [1m[36mTRANSACTION (0.0ms)[0m  [1m[35mBEGIN immediate TRANSACTION /*application='Backend'*/[0m
  [1m[36mPhoto Create (0.5ms)[0m  [1m[32mINSERT INTO "photos" ("title", "image_url", "category", "created_at", "updated_at", "photographer") VALUES ('Street Food Magic', 'https://kothihaaung.github.io/assets/images/food/ramen1.jpg', 'Ramen', '2025-07-07 15:52:02.135240', '2025-07-07 15:52:02.135240', 'Lucas Kim') RETURNING "id" /*application='Backend'*/[0m
  [1m[36mTRANSACTION (0.0ms)[0m  [1m[35mCOMMIT TRANSACTION /*application='Backend'*/[0m
  [1m[36mTRANSACTION (0.0ms)[0m  [1m[35mBEGIN immediate TRANSACTION /*application='Backend'*/[0m
  [1m[36mPhoto Create (0.4ms)[0m  [1m[32mINSERT INTO "photos" ("title", "image_url", "category", "created_at", "updated_at", "photographer") VALUES ('Crunchy & Creamy', 'https://kothihaaung.github.io/assets/images/food/sushi1.jpg', 'Sushi', '2025-07-07 15:52:02.136655', '2025-07-07 15:52:02.136655', 'Isabella Nguyen') RETURNING "id" /*application='Backend'*/[0m
  [1m[36mTRANSACTION (0.0ms)[0m  [1m[35mCOMMIT TRANSACTION /*application='Backend'*/[0m
  [1m[36mTRANSACTION (0.0ms)[0m  [1m[35mBEGIN immediate TRANSACTION /*application='Backend'*/[0m
  [1m[36mPhoto Create (0.4ms)[0m  [1m[32mINSERT INTO "photos" ("title", "image_url", "category", "created_at", "updated_at", "photographer") VALUES ('Pantry Gourmet', 'https://kothihaaung.github.io/assets/images/food/sushi2.jpg', 'Sushi', '2025-07-07 15:52:02.137818', '2025-07-07 15:52:02.137818', 'Lucas Kim') RETURNING "id" /*application='Backend'*/[0m
  [1m[36mTRANSACTION (0.0ms)[0m  [1m[35mCOMMIT TRANSACTION /*application='Backend'*/[0m
  [1m[36mTRANSACTION (0.0ms)[0m  [1m[35mBEGIN immediate TRANSACTION /*application='Backend'*/[0m
  [1m[36mPhoto Create (0.4ms)[0m  [1m[32mINSERT INTO "photos" ("title", "image_url", "category", "created_at", "updated_at", "photographer") VALUES ('Classic Comfort', 'https://kothihaaung.github.io/assets/images/food/sushi3.jpg', 'Sushi', '2025-07-07 15:52:02.138994', '2025-07-07 15:52:02.138994', 'Isabella Nguyen') RETURNING "id" /*application='Backend'*/[0m
  [1m[36mTRANSACTION (0.0ms)[0m  [1m[35mCOMMIT TRANSACTION /*application='Backend'*/[0m
  [1m[36mTRANSACTION (0.0ms)[0m  [1m[35mBEGIN immediate TRANSACTION /*application='Backend'*/[0m
  [1m[36mPhoto Create (0.4ms)[0m  [1m[32mINSERT INTO "photos" ("title", "image_url", "category", "created_at", "updated_at", "photographer") VALUES ('Seaside Sunset', 'https://kothihaaung.github.io/assets/images/food/taco1.jpg', 'Taco', '2025-07-07 15:52:02.140184', '2025-07-07 15:52:02.140184', 'Oliver Li') RETURNING "id" /*application='Backend'*/[0m
  [1m[36mTRANSACTION (0.0ms)[0m  [1m[35mCOMMIT TRANSACTION /*application='Backend'*/[0m
  [1m[36mTRANSACTION (0.0ms)[0m  [1m[35mBEGIN immediate TRANSACTION /*application='Backend'*/[0m
  [1m[36mPhoto Create (0.5ms)[0m  [1m[32mINSERT INTO "photos" ("title", "image_url", "category", "created_at", "updated_at", "photographer") VALUES ('Golden Crispy Delight', 'https://kothihaaung.github.io/assets/images/food/toast1.jpg', 'Toast', '2025-07-07 15:52:02.145182', '2025-07-07 15:52:02.145182', 'Ethan Becker') RETURNING "id" /*application='Backend'*/[0m
  [1m[36mTRANSACTION (0.0ms)[0m  [1m[35mCOMMIT TRANSACTION /*application='Backend'*/[0m
Started GET "/api/v1/photos" for 192.168.1.100 at 2025-07-07 22:52:45 +0700
  [1m[36mActiveRecord::SchemaMigration Load (0.4ms)[0m  [1m[34mSELECT "schema_migrations"."version" FROM "schema_migrations" ORDER BY "schema_migrations"."version" ASC /*application='Backend'*/[0m
Processing by Api::V1::PhotosController#index as */*
  [1m[36mPhoto Load (0.6ms)[0m  [1m[34mSELECT "photos".* FROM "photos" /*action='index',application='Backend',controller='photos'*/[0m
  ↳ app/controllers/api/v1/photos_controller.rb:9:in `index'
Completed 200 OK in 23ms (Views: 9.7ms | ActiveRecord: 1.2ms (1 query, 0 cached) | GC: 7.3ms)


Started GET "/api/v1/photos" for 192.168.1.100 at 2025-07-07 22:55:04 +0700
Processing by Api::V1::PhotosController#index as HTML
  [1m[36mPhoto Load (3.1ms)[0m  [1m[34mSELECT "photos".* FROM "photos" /*action='index',application='Backend',controller='photos'*/[0m
  ↳ app/controllers/api/v1/photos_controller.rb:9:in `index'
Completed 200 OK in 15ms (Views: 11.6ms | ActiveRecord: 3.1ms (1 query, 0 cached) | GC: 7.0ms)


Started GET "/api/v1/photos" for 192.168.1.100 at 2025-07-07 22:57:52 +0700
Processing by Api::V1::PhotosController#index as HTML
  [1m[36mPhoto Load (4.2ms)[0m  [1m[34mSELECT "photos".* FROM "photos" /*action='index',application='Backend',controller='photos'*/[0m
  ↳ app/controllers/api/v1/photos_controller.rb:9:in `index'
Completed 200 OK in 8ms (Views: 3.9ms | ActiveRecord: 4.2ms (1 query, 0 cached) | GC: 0.0ms)


  [1m[36mActiveRecord::SchemaMigration Load (0.4ms)[0m  [1m[34mSELECT "schema_migrations"."version" FROM "schema_migrations" ORDER BY "schema_migrations"."version" ASC /*application='Backend'*/[0m
  [1m[36mActiveRecord::InternalMetadata Load (0.0ms)[0m  [1m[34mSELECT * FROM "ar_internal_metadata" WHERE "ar_internal_metadata"."key" = 'environment' ORDER BY "ar_internal_metadata"."key" ASC LIMIT 1 /*application='Backend'*/[0m
  [1m[36mActiveRecord::SchemaMigration Load (0.0ms)[0m  [1m[34mSELECT "schema_migrations"."version" FROM "schema_migrations" ORDER BY "schema_migrations"."version" ASC /*application='Backend'*/[0m
  [1m[36mActiveRecord::InternalMetadata Load (0.0ms)[0m  [1m[34mSELECT * FROM "ar_internal_metadata" WHERE "ar_internal_metadata"."key" = 'environment' ORDER BY "ar_internal_metadata"."key" ASC LIMIT 1 /*application='Backend'*/[0m
  [1m[36mActiveRecord::SchemaMigration Load (0.0ms)[0m  [1m[34mSELECT "schema_migrations"."version" FROM "schema_migrations" ORDER BY "schema_migrations"."version" ASC /*application='Backend'*/[0m
  [1m[36mActiveRecord::InternalMetadata Load (0.0ms)[0m  [1m[34mSELECT * FROM "ar_internal_metadata" WHERE "ar_internal_metadata"."key" = 'environment' ORDER BY "ar_internal_metadata"."key" ASC LIMIT 1 /*application='Backend'*/[0m
  [1m[35m (0.3ms)[0m  [1m[35mDROP TABLE IF EXISTS "photos" /*application='Backend'*/[0m
  [1m[35m (0.1ms)[0m  [1m[35mCREATE TABLE "photos" ("id" integer PRIMARY KEY AUTOINCREMENT NOT NULL, "title" varchar, "image_url" varchar, "category" varchar, "created_at" datetime(6) NOT NULL, "updated_at" datetime(6) NOT NULL, "photographer" varchar) /*application='Backend'*/[0m
  [1m[36mActiveRecord::SchemaMigration Load (0.0ms)[0m  [1m[34mSELECT "schema_migrations"."version" FROM "schema_migrations" ORDER BY "schema_migrations"."version" ASC /*application='Backend'*/[0m
  [1m[36mActiveRecord::InternalMetadata Load (0.0ms)[0m  [1m[34mSELECT * FROM "ar_internal_metadata" WHERE "ar_internal_metadata"."key" = 'environment' ORDER BY "ar_internal_metadata"."key" ASC LIMIT 1 /*application='Backend'*/[0m
  [1m[36mActiveRecord::InternalMetadata Load (0.0ms)[0m  [1m[34mSELECT * FROM "ar_internal_metadata" WHERE "ar_internal_metadata"."key" = 'environment' ORDER BY "ar_internal_metadata"."key" ASC LIMIT 1 /*application='Backend'*/[0m
  [1m[36mActiveRecord::InternalMetadata Load (0.0ms)[0m  [1m[34mSELECT * FROM "ar_internal_metadata" WHERE "ar_internal_metadata"."key" = 'schema_sha1' ORDER BY "ar_internal_metadata"."key" ASC LIMIT 1 /*application='Backend'*/[0m
  [1m[35m (0.9ms)[0m  [1m[35mDROP TABLE IF EXISTS "photos" /*application='Backend'*/[0m
  [1m[35m (0.1ms)[0m  [1m[35mCREATE TABLE "photos" ("id" integer PRIMARY KEY AUTOINCREMENT NOT NULL, "title" varchar, "image_url" varchar, "category" varchar, "created_at" datetime(6) NOT NULL, "updated_at" datetime(6) NOT NULL, "photographer" varchar) /*application='Backend'*/[0m
  [1m[36mActiveRecord::SchemaMigration Load (0.2ms)[0m  [1m[34mSELECT "schema_migrations"."version" FROM "schema_migrations" ORDER BY "schema_migrations"."version" ASC /*application='Backend'*/[0m
  [1m[36mActiveRecord::InternalMetadata Load (0.0ms)[0m  [1m[34mSELECT * FROM "ar_internal_metadata" WHERE "ar_internal_metadata"."key" = 'environment' ORDER BY "ar_internal_metadata"."key" ASC LIMIT 1 /*application='Backend'*/[0m
  [1m[36mActiveRecord::InternalMetadata Update (0.0ms)[0m  [1m[33mUPDATE "ar_internal_metadata" SET "value" = 'development', "updated_at" = '2026-04-07 06:03:57.811863' WHERE "ar_internal_metadata"."key" = 'environment' /*application='Backend'*/[0m
  [1m[36mActiveRecord::InternalMetadata Load (0.0ms)[0m  [1m[34mSELECT * FROM "ar_internal_metadata" WHERE "ar_internal_metadata"."key" = 'environment' ORDER BY "ar_internal_metadata"."key" ASC LIMIT 1 /*application='Backend'*/[0m
  [1m[36mActiveRecord::InternalMetadata Update (0.0ms)[0m  [1m[33mUPDATE "ar_internal_metadata" SET "value" = 'test', "updated_at" = '2026-04-07 06:03:57.812897' WHERE "ar_internal_metadata"."key" = 'environment' /*application='Backend'*/[0m
  [1m[36mActiveRecord::InternalMetadata Load (0.0ms)[0m  [1m[34mSELECT * FROM "ar_internal_metadata" WHERE "ar_internal_metadata"."key" = 'schema_sha1' ORDER BY "ar_internal_metadata"."key" ASC LIMIT 1 /*application='Backend'*/[0m
  [1m[36mActiveRecord::SchemaMigration Load (0.0ms)[0m  [1m[34mSELECT "schema_migrations"."version" FROM "schema_migrations" ORDER BY "schema_migrations"."version" ASC /*application='Backend'*/[0m
  [1m[36mPhoto Delete All (0.2ms)[0m  [1m[31mDELETE FROM "photos" /*application='Backend'*/[0m
  [1m[36mTRANSACTION (0.0ms)[0m  [1m[35mBEGIN immediate TRANSACTION /*application='Backend'*/[0m
  [1m[36mPhoto Create (0.6ms)[0m  [1m[32mINSERT INTO "photos" ("title", "image_url", "category", "created_at", "updated_at", "photographer") VALUES ('Golden Crispy Delight', 'https://kothihaaung.github.io/assets/images/food/burger1.jpg', 'Burger', '2026-04-07 06:03:57.832705', '2026-04-07 06:03:57.832705', 'Liam Wong') RETURNING "id" /*application='Backend'*/[0m
  [1m[36mTRANSACTION (0.1ms)[0m  [1m[35mCOMMIT TRANSACTION /*application='Backend'*/[0m
  [1m[36mTRANSACTION (0.0ms)[0m  [1m[35mBEGIN immediate TRANSACTION /*application='Backend'*/[0m
  [1m[36mPhoto Create (0.5ms)[0m  [1m[32mINSERT INTO "photos" ("title", "image_url", "category", "created_at", "updated_at", "photographer") VALUES ('Midnight Snack Attack', 'https://kothihaaung.github.io/assets/images/food/burger2.jpg', 'Burger', '2026-04-07 06:03:57.839525', '2026-04-07 06:03:57.839525', 'Isabella Nguyen') RETURNING "id" /*application='Backend'*/[0m
  [1m[36mTRANSACTION (0.0ms)[0m  [1m[35mCOMMIT TRANSACTION /*application='Backend'*/[0m
  [1m[36mTRANSACTION (0.0ms)[0m  [1m[35mBEGIN immediate TRANSACTION /*application='Backend'*/[0m
  [1m[36mPhoto Create (0.4ms)[0m  [1m[32mINSERT INTO "photos" ("title", "image_url", "category", "created_at", "updated_at", "photographer") VALUES ('Flavors of the East', 'https://kothihaaung.github.io/assets/images/food/burger3.jpg', 'Burger', '2026-04-07 06:03:57.840846', '2026-04-07 06:03:57.840846', 'Liam Wong') RETURNING "id" /*application='Backend'*/[0m
  [1m[36mTRANSACTION (0.0ms)[0m  [1m[35mCOMMIT TRANSACTION /*application='Backend'*/[0m
  [1m[36mTRANSACTION (0.0ms)[0m  [1m[35mBEGIN immediate TRANSACTION /*application='Backend'*/[0m
  [1m[36mPhoto Create (0.7ms)[0m  [1m[32mINSERT INTO "photos" ("title", "image_url", "category", "created_at", "updated_at", "photographer") VALUES ('Sweet Tooth Fantasy', 'https://kothihaaung.github.io/assets/images/food/cookie1.jpg', 'Cookie', '2026-04-07 06:03:57.842282', '2026-04-07 06:03:57.842282', 'Noah Tanaka') RETURNING "id" /*application='Backend'*/[0m
  [1m[36mTRANSACTION (0.0ms)[0m  [1m[35mCOMMIT TRANSACTION /*application='Backend'*/[0m
  [1m[36mTRANSACTION (0.0ms)[0m  [1m[35mBEGIN immediate TRANSACTION /*application='Backend'*/[0m
  [1m[36mPhoto Create (0.4ms)[0m  [1m[32mINSERT INTO "photos" ("title", "image_url", "category", "created_at", "updated_at", "photographer") VALUES ('Charred to Perfection', 'https://kothihaaung.github.io/assets/images/food/fish1.jpg', 'Fish', '2026-04-07 06:03:57.843709', '2026-04-07 06:03:57.843709', 'Sophie Mehta') RETURNING "id" /*application='Backend'*/[0m
  [1m[36mTRANSACTION (0.0ms)[0m  [1m[35mCOMMIT TRANSACTION /*application='Backend'*/[0m
  [1m[36mTRANSACTION (0.0ms)[0m  [1m[35mBEGIN immediate TRANSACTION /*application='Backend'*/[0m
  [1m[36mPhoto Create (0.4ms)[0m  [1m[32mINSERT INTO "photos" ("title", "image_url", "category", "created_at", "updated_at", "photographer") VALUES ('Ocean on a Plate', 'https://kothihaaung.github.io/assets/images/food/grill1.jpg', 'Grill', '2026-04-07 06:03:57.844837', '2026-04-07 06:03:57.844837', 'Noah Tanaka') RETURNING "id" /*application='Backend'*/[0m
  [1m[36mTRANSACTION (0.0ms)[0m  [1m[35mCOMMIT TRANSACTION /*application='Backend'*/[0m
  [1m[36mTRANSACTION (0.0ms)[0m  [1m[35mBEGIN immediate TRANSACTION /*application='Backend'*/[0m
  [1m[36mPhoto Create (0.5ms)[0m  [1m[32mINSERT INTO "photos" ("title", "image_url", "category", "created_at", "updated_at", "photographer") VALUES ('Melting Moments', 'https://kothihaaung.github.io/assets/images/food/ice-cream1.jpg', 'Ice cream', '2026-04-07 06:03:57.849684', '2026-04-07 06:03:57.849684', 'Liam Wong') RETURNING "id" /*application='Backend'*/[0m
  [1m[36mTRANSACTION (0.0ms)[0m  [1m[35mCOMMIT TRANSACTION /*application='Backend'*/[0m
  [1m[36mTRANSACTION (0.0ms)[0m  [1m[35mBEGIN immediate TRANSACTION /*application='Backend'*/[0m
  [1m[36mPhoto Create (0.5ms)[0m  [1m[32mINSERT INTO "photos" ("title", "image_url", "category", "created_at", "updated_at", "photographer") VALUES ('Piled High & Proud', 'https://kothihaaung.github.io/assets/images/food/ice-cream2.jpg', 'Ice cream', '2026-04-07 06:03:57.851002', '2026-04-07 06:03:57.851002', 'Mia Choi') RETURNING "id" /*application='Backend'*/[0m
  [1m[36mTRANSACTION (0.1ms)[0m  [1m[35mCOMMIT TRANSACTION /*application='Backend'*/[0m
  [1m[36mTRANSACTION (0.0ms)[0m  [1m[35mBEGIN immediate TRANSACTION /*application='Backend'*/[0m
  [1m[36mPhoto Create (0.6ms)[0m  [1m[32mINSERT INTO "photos" ("title", "image_url", "category", "created_at", "updated_at", "photographer") VALUES ('Dreamy Dessert Daze', 'https://kothihaaung.github.io/assets/images/food/ice-cream3.jpg', 'Ice cream', '2026-04-07 06:03:57.852666', '2026-04-07 06:03:57.852666', 'Ethan Becker') RETURNING "id" /*application='Backend'*/[0m
  [1m[36mTRANSACTION (0.0ms)[0m  [1m[35mCOMMIT TRANSACTION /*application='Backend'*/[0m
  [1m[36mTRANSACTION (0.0ms)[0m  [1m[35mBEGIN immediate TRANSACTION /*application='Backend'*/[0m
  [1m[36mPhoto Create (0.5ms)[0m  [1m[32mINSERT INTO "photos" ("title", "image_url", "category", "created_at", "updated_at", "photographer") VALUES ('Stacked Sunday Treats', 'https://kothihaaung.github.io/assets/images/food/pan-cake1.jpg', 'Pan cake', '2026-04-07 06:03:57.854326', '2026-04-07 06:03:57.854326', 'Mia Choi') RETURNING "id" /*application='Backend'*/[0m
  [1m[36mTRANSACTION (0.0ms)[0m  [1m[35mCOMMIT TRANSACTION /*application='Backend'*/[0m
  [1m[36mTRANSACTION (0.0ms)[0m  [1m[35mBEGIN immediate TRANSACTION /*application='Backend'*/[0m
  [1m[36mPhoto Create (0.5ms)[0m  [1m[32mINSERT INTO "photos" ("title", "image_url", "category", "created_at", "updated_at", "photographer") VALUES ('A Taste of Italy', 'https://kothihaaung.github.io/assets/images/food/pasta1.jpg', 'Pasta', '2026-04-07 06:03:57.855587', '2026-04-07 06:03:57.855587', 'Ava Smith') RETURNING "id" /*application='Backend'*/[0m
  [1m[36mTRANSACTION (0.0ms)[0m  [1m[35mCOMMIT TRANSACTION /*application='Backend'*/[0m
  [1m[36mTRANSACTION (0.0ms)[0m  [1m[35mBEGIN immediate TRANSACTION /*application='Backend'*/[0m
  [1m[36mPhoto Create (3.2ms)[0m  [1m[32mINSERT INTO "photos" ("title", "image_url", "category", "created_at", "updated_at", "photographer") VALUES ('Noodle Nirvana', 'https://kothihaaung.github.io/assets/images/food/pasta2.jpg', 'Pasta', '2026-04-07 06:03:57.857039', '2026-04-07 06:03:57.857039', 'Emily Tran') RETURNING "id" /*application='Backend'*/[0m
  [1m[36mTRANSACTION (0.1ms)[0m  [1m[35mCOMMIT TRANSACTION /*application='Backend'*/[0m
  [1m[36mTRANSACTION (0.0ms)[0m  [1m[35mBEGIN immediate TRANSACTION /*application='Backend'*/[0m
  [1m[36mPhoto Create (0.4ms)[0m  [1m[32mINSERT INTO "photos" ("title", "image_url", "category", "created_at", "updated_at", "photographer") VALUES ('Slice of Heaven', 'https://kothihaaung.github.io/assets/images/food/pizza1.jpg', 'Pizza', '2026-04-07 06:03:57.861261', '2026-04-07 06:03:57.861261', 'Isabella Nguyen') RETURNING "id" /*application='Backend'*/[0m
  [1m[36mTRANSACTION (0.0ms)[0m  [1m[35mCOMMIT TRANSACTION /*application='Backend'*/[0m
  [1m[36mTRANSACTION (0.0ms)[0m  [1m[35mBEGIN immediate TRANSACTION /*application='Backend'*/[0m
  [1m[36mPhoto Create (0.4ms)[0m  [1m[32mINSERT INTO "photos" ("title", "image_url", "category", "created_at", "updated_at", "photographer") VALUES ('Rolling in Flavor', 'https://kothihaaung.github.io/assets/images/food/pizza2.jpg', 'Pizza', '2026-04-07 06:03:57.862531', '2026-04-07 06:03:57.862531', 'Emily Tran') RETURNING "id" /*application='Backend'*/[0m
  [1m[36mTRANSACTION (0.0ms)[0m  [1m[35mCOMMIT TRANSACTION /*application='Backend'*/[0m
  [1m[36mTRANSACTION (0.0ms)[0m  [1m[35mBEGIN immediate TRANSACTION /*application='Backend'*/[0m
  [1m[36mPhoto Create (0.5ms)[0m  [1m[32mINSERT INTO "photos" ("title", "image_url", "category", "created_at", "updated_at", "photographer") VALUES ('Frosted Fun', 'https://kothihaaung.github.io/assets/images/food/pizza3.jpg', 'Pizza', '2026-04-07 06:03:57.863841', '2026-04-07 06:03:57.863841', 'Noah Tanaka') RETURNING "id" /*application='Backend'*/[0m
  [1m[36mTRANSACTION (0.0ms)[0m  [1m[35mCOMMIT TRANSACTION /*application='Backend'*/[0m
  [1m[36mTRANSACTION (0.0ms)[0m  [1m[35mBEGIN immediate TRANSACTION /*application='Backend'*/[0m
  [1m[36mPhoto Create (0.4ms)[0m  [1m[32mINSERT INTO "photos" ("title", "image_url", "category", "created_at", "updated_at", "photographer") VALUES ('Street Food Magic', 'https://kothihaaung.github.io/assets/images/food/ramen1.jpg', 'Ramen', '2026-04-07 06:03:57.865227', '2026-04-07 06:03:57.865227', 'Emily Tran') RETURNING "id" /*application='Backend'*/[0m
  [1m[36mTRANSACTION (0.0ms)[0m  [1m[35mCOMMIT TRANSACTION /*application='Backend'*/[0m
  [1m[36mTRANSACTION (0.0ms)[0m  [1m[35mBEGIN immediate TRANSACTION /*application='Backend'*/[0m
  [1m[36mPhoto Create (0.4ms)[0m  [1m[32mINSERT INTO "photos" ("title", "image_url", "category", "created_at", "updated_at", "photographer") VALUES ('Crunchy & Creamy', 'https://kothihaaung.github.io/assets/images/food/sushi1.jpg', 'Sushi', '2026-04-07 06:03:57.866377', '2026-04-07 06:03:57.866377', 'Isabella Nguyen') RETURNING "id" /*application='Backend'*/[0m
  [1m[36mTRANSACTION (0.0ms)[0m  [1m[35mCOMMIT TRANSACTION /*application='Backend'*/[0m
  [1m[36mTRANSACTION (0.0ms)[0m  [1m[35mBEGIN immediate TRANSACTION /*application='Backend'*/[0m
  [1m[36mPhoto Create (0.4ms)[0m  [1m[32mINSERT INTO "photos" ("title", "image_url", "category", "created_at", "updated_at", "photographer") VALUES ('Pantry Gourmet', 'https://kothihaaung.github.io/assets/images/food/sushi2.jpg', 'Sushi', '2026-04-07 06:03:57.868605', '2026-04-07 06:03:57.868605', 'Ethan Becker') RETURNING "id" /*application='Backend'*/[0m
  [1m[36mTRANSACTION (0.0ms)[0m  [1m[35mCOMMIT TRANSACTION /*application='Backend'*/[0m
  [1m[36mTRANSACTION (0.0ms)[0m  [1m[35mBEGIN immediate TRANSACTION /*application='Backend'*/[0m
  [1m[36mPhoto Create (0.4ms)[0m  [1m[32mINSERT INTO "photos" ("title", "image_url", "category", "created_at", "updated_at", "photographer") VALUES ('Classic Comfort', 'https://kothihaaung.github.io/assets/images/food/sushi3.jpg', 'Sushi', '2026-04-07 06:03:57.869774', '2026-04-07 06:03:57.869774', 'Isabella Nguyen') RETURNING "id" /*application='Backend'*/[0m
  [1m[36mTRANSACTION (0.0ms)[0m  [1m[35mCOMMIT TRANSACTION /*application='Backend'*/[0m
  [1m[36mTRANSACTION (0.0ms)[0m  [1m[35mBEGIN immediate TRANSACTION /*application='Backend'*/[0m
  [1m[36mPhoto Create (0.4ms)[0m  [1m[32mINSERT INTO "photos" ("title", "image_url", "category", "created_at", "updated_at", "photographer") VALUES ('Seaside Sunset', 'https://kothihaaung.github.io/assets/images/food/taco1.jpg', 'Taco', '2026-04-07 06:03:57.871006', '2026-04-07 06:03:57.871006', 'Noah Tanaka') RETURNING "id" /*application='Backend'*/[0m
  [1m[36mTRANSACTION (0.0ms)[0m  [1m[35mCOMMIT TRANSACTION /*application='Backend'*/[0m
  [1m[36mTRANSACTION (0.0ms)[0m  [1m[35mBEGIN immediate TRANSACTION /*application='Backend'*/[0m
  [1m[36mPhoto Create (0.4ms)[0m  [1m[32mINSERT INTO "photos" ("title", "image_url", "category", "created_at", "updated_at", "photographer") VALUES ('Golden Crispy Delight', 'https://kothihaaung.github.io/assets/images/food/toast1.jpg', 'Toast', '2026-04-07 06:03:57.872240', '2026-04-07 06:03:57.872240', 'Ava Smith') RETURNING "id" /*application='Backend'*/[0m
  [1m[36mTRANSACTION (0.0ms)[0m  [1m[35mCOMMIT TRANSACTION /*application='Backend'*/[0m
Started GET "/api/v1/photos" for 172.20.10.12 at 2026-04-07 13:11:51 +0700
  [1m[36mActiveRecord::SchemaMigration Load (0.3ms)[0m  [1m[34mSELECT "schema_migrations"."version" FROM "schema_migrations" ORDER BY "schema_migrations"."version" ASC /*application='Backend'*/[0m
Processing by Api::V1::PhotosController#index as HTML
  [1m[36mPhoto Load (3.2ms)[0m  [1m[34mSELECT "photos".* FROM "photos" /*action='index',application='Backend',controller='photos'*/[0m
  ↳ app/controllers/api/v1/photos_controller.rb:9:in `index'
Completed 200 OK in 35ms (Views: 7.9ms | ActiveRecord: 6.0ms (1 query, 0 cached) | GC: 8.0ms)


Started GET "/dev/messages" for 127.0.0.1 at 2026-04-07 13:27:44 +0700
  
ActionController::RoutingError (No route matches [GET] "/dev/messages"):
  
Started GET "/favicon.ico" for 127.0.0.1 at 2026-04-07 13:27:44 +0700
  
ActionController::RoutingError (No route matches [GET] "/favicon.ico"):
  
Started GET "/sw.js" for 127.0.0.1 at 2026-04-07 13:27:47 +0700
  
ActionController::RoutingError (No route matches [GET] "/sw.js"):
  
Started GET "/api/v1/photos" for 172.20.10.12 at 2026-04-07 14:21:35 +0700
  
LoadError (cannot load such file -- /Users/thihathedev/Documents/dev/projects/ios/github/Forklore – Every dish tells a story./backend/config/routes.rb):
  
railties (8.0.2) lib/rails/application/routes_reloader.rb:64:in `load'
railties (8.0.2) lib/rails/application/routes_reloader.rb:64:in `block in load_paths'
railties (8.0.2) lib/rails/application/routes_reloader.rb:64:in `each'
railties (8.0.2) lib/rails/application/routes_reloader.rb:64:in `load_paths'
railties (8.0.2) lib/rails/application/routes_reloader.rb:25:in `reload!'
railties (8.0.2) lib/rails/application/routes_reloader.rb:52:in `block in updater'
activesupport (8.0.2) lib/active_support/file_update_checker.rb:85:in `execute'
railties (8.0.2) lib/rails/application/routes_reloader.rb:34:in `execute'
railties (8.0.2) lib/rails/application/finisher.rb:175:in `block (2 levels) in <module:Finisher>'
activesupport (8.0.2) lib/active_support/callbacks.rb:406:in `instance_exec'
activesupport (8.0.2) lib/active_support/callbacks.rb:406:in `block in make_lambda'
activesupport (8.0.2) lib/active_support/callbacks.rb:178:in `block in call'
activesupport (8.0.2) lib/active_support/callbacks.rb:668:in `block (2 levels) in default_terminator'
activesupport (8.0.2) lib/active_support/callbacks.rb:667:in `catch'
activesupport (8.0.2) lib/active_support/callbacks.rb:667:in `block in default_terminator'
activesupport (8.0.2) lib/active_support/callbacks.rb:179:in `call'
activesupport (8.0.2) lib/active_support/callbacks.rb:559:in `block in invoke_before'
activesupport (8.0.2) lib/active_support/callbacks.rb:559:in `each'
activesupport (8.0.2) lib/active_support/callbacks.rb:559:in `invoke_before'
activesupport (8.0.2) lib/active_support/callbacks.rb:108:in `run_callbacks'
activesupport (8.0.2) lib/active_support/execution_wrapper.rb:128:in `run'
activesupport (8.0.2) lib/active_support/execution_wrapper.rb:124:in `run!'
activesupport (8.0.2) lib/active_support/reloader.rb:122:in `run!'
activesupport (8.0.2) lib/active_support/execution_wrapper.rb:77:in `block in run!'
<internal:kernel>:90:in `tap'
activesupport (8.0.2) lib/active_support/execution_wrapper.rb:74:in `run!'
activesupport (8.0.2) lib/active_support/reloader.rb:64:in `run!'
actionpack (8.0.2) lib/action_dispatch/middleware/executor.rb:14:in `call'
actionpack (8.0.2) lib/action_dispatch/middleware/actionable_exceptions.rb:18:in `call'
actionpack (8.0.2) lib/action_dispatch/middleware/debug_exceptions.rb:31:in `call'
actionpack (8.0.2) lib/action_dispatch/middleware/show_exceptions.rb:32:in `call'
railties (8.0.2) lib/rails/rack/logger.rb:41:in `call_app'
railties (8.0.2) lib/rails/rack/logger.rb:29:in `call'
actionpack (8.0.2) lib/action_dispatch/middleware/remote_ip.rb:96:in `call'
actionpack (8.0.2) lib/action_dispatch/middleware/request_id.rb:34:in `call'
rack (3.1.16) lib/rack/runtime.rb:24:in `call'
actionpack (8.0.2) lib/action_dispatch/middleware/server_timing.rb:61:in `block in call'
actionpack (8.0.2) lib/action_dispatch/middleware/server_timing.rb:26:in `collect_events'
actionpack (8.0.2) lib/action_dispatch/middleware/server_timing.rb:60:in `call'
actionpack (8.0.2) lib/action_dispatch/middleware/executor.rb:16:in `call'
actionpack (8.0.2) lib/action_dispatch/middleware/static.rb:27:in `call'
rack (3.1.16) lib/rack/sendfile.rb:114:in `call'
actionpack (8.0.2) lib/action_dispatch/middleware/host_authorization.rb:143:in `call'
railties (8.0.2) lib/rails/engine.rb:535:in `call'
puma (6.6.0) lib/puma/configuration.rb:279:in `call'
puma (6.6.0) lib/puma/request.rb:99:in `block in handle_request'
puma (6.6.0) lib/puma/thread_pool.rb:390:in `with_force_shutdown'
puma (6.6.0) lib/puma/request.rb:98:in `handle_request'
puma (6.6.0) lib/puma/server.rb:472:in `process_client'
puma (6.6.0) lib/puma/server.rb:254:in `block in run'
puma (6.6.0) lib/puma/thread_pool.rb:167:in `block in spawn_thread'
  [1m[36mActiveRecord::SchemaMigration Load (0.3ms)[0m  [1m[34mSELECT "schema_migrations"."version" FROM "schema_migrations" ORDER BY "schema_migrations"."version" ASC /*application='Backend'*/[0m
  [1m[36mActiveRecord::InternalMetadata Load (0.0ms)[0m  [1m[34mSELECT * FROM "ar_internal_metadata" WHERE "ar_internal_metadata"."key" = 'environment' ORDER BY "ar_internal_metadata"."key" ASC LIMIT 1 /*application='Backend'*/[0m
  [1m[36mActiveRecord::SchemaMigration Load (0.0ms)[0m  [1m[34mSELECT "schema_migrations"."version" FROM "schema_migrations" ORDER BY "schema_migrations"."version" ASC /*application='Backend'*/[0m
  [1m[36mActiveRecord::InternalMetadata Load (0.0ms)[0m  [1m[34mSELECT * FROM "ar_internal_metadata" WHERE "ar_internal_metadata"."key" = 'environment' ORDER BY "ar_internal_metadata"."key" ASC LIMIT 1 /*application='Backend'*/[0m
  [1m[36mActiveRecord::SchemaMigration Load (0.0ms)[0m  [1m[34mSELECT "schema_migrations"."version" FROM "schema_migrations" ORDER BY "schema_migrations"."version" ASC /*application='Backend'*/[0m
  [1m[36mActiveRecord::InternalMetadata Load (0.0ms)[0m  [1m[34mSELECT * FROM "ar_internal_metadata" WHERE "ar_internal_metadata"."key" = 'environment' ORDER BY "ar_internal_metadata"."key" ASC LIMIT 1 /*application='Backend'*/[0m
  [1m[35m (0.4ms)[0m  [1m[35mDROP TABLE IF EXISTS "photos" /*application='Backend'*/[0m
  [1m[35m (0.2ms)[0m  [1m[35mCREATE TABLE "photos" ("id" integer PRIMARY KEY AUTOINCREMENT NOT NULL, "title" varchar, "image_url" varchar, "category" varchar, "created_at" datetime(6) NOT NULL, "updated_at" datetime(6) NOT NULL, "photographer" varchar) /*application='Backend'*/[0m
  [1m[36mActiveRecord::SchemaMigration Load (0.0ms)[0m  [1m[34mSELECT "schema_migrations"."version" FROM "schema_migrations" ORDER BY "schema_migrations"."version" ASC /*application='Backend'*/[0m
  [1m[36mActiveRecord::InternalMetadata Load (0.0ms)[0m  [1m[34mSELECT * FROM "ar_internal_metadata" WHERE "ar_internal_metadata"."key" = 'environment' ORDER BY "ar_internal_metadata"."key" ASC LIMIT 1 /*application='Backend'*/[0m
  [1m[36mActiveRecord::InternalMetadata Load (0.0ms)[0m  [1m[34mSELECT * FROM "ar_internal_metadata" WHERE "ar_internal_metadata"."key" = 'environment' ORDER BY "ar_internal_metadata"."key" ASC LIMIT 1 /*application='Backend'*/[0m
  [1m[36mActiveRecord::InternalMetadata Load (0.0ms)[0m  [1m[34mSELECT * FROM "ar_internal_metadata" WHERE "ar_internal_metadata"."key" = 'schema_sha1' ORDER BY "ar_internal_metadata"."key" ASC LIMIT 1 /*application='Backend'*/[0m
  [1m[35m (0.8ms)[0m  [1m[35mDROP TABLE IF EXISTS "photos" /*application='Backend'*/[0m
  [1m[35m (0.2ms)[0m  [1m[35mCREATE TABLE "photos" ("id" integer PRIMARY KEY AUTOINCREMENT NOT NULL, "title" varchar, "image_url" varchar, "category" varchar, "created_at" datetime(6) NOT NULL, "updated_at" datetime(6) NOT NULL, "photographer" varchar) /*application='Backend'*/[0m
  [1m[36mActiveRecord::SchemaMigration Load (0.3ms)[0m  [1m[34mSELECT "schema_migrations"."version" FROM "schema_migrations" ORDER BY "schema_migrations"."version" ASC /*application='Backend'*/[0m
  [1m[36mActiveRecord::InternalMetadata Load (0.0ms)[0m  [1m[34mSELECT * FROM "ar_internal_metadata" WHERE "ar_internal_metadata"."key" = 'environment' ORDER BY "ar_internal_metadata"."key" ASC LIMIT 1 /*application='Backend'*/[0m
  [1m[36mActiveRecord::InternalMetadata Update (0.1ms)[0m  [1m[33mUPDATE "ar_internal_metadata" SET "value" = 'development', "updated_at" = '2026-04-07 07:33:37.592014' WHERE "ar_internal_metadata"."key" = 'environment' /*application='Backend'*/[0m
  [1m[36mActiveRecord::InternalMetadata Load (0.0ms)[0m  [1m[34mSELECT * FROM "ar_internal_metadata" WHERE "ar_internal_metadata"."key" = 'environment' ORDER BY "ar_internal_metadata"."key" ASC LIMIT 1 /*application='Backend'*/[0m
  [1m[36mActiveRecord::InternalMetadata Update (0.0ms)[0m  [1m[33mUPDATE "ar_internal_metadata" SET "value" = 'test', "updated_at" = '2026-04-07 07:33:37.592891' WHERE "ar_internal_metadata"."key" = 'environment' /*application='Backend'*/[0m
  [1m[36mActiveRecord::InternalMetadata Load (0.0ms)[0m  [1m[34mSELECT * FROM "ar_internal_metadata" WHERE "ar_internal_metadata"."key" = 'schema_sha1' ORDER BY "ar_internal_metadata"."key" ASC LIMIT 1 /*application='Backend'*/[0m
  [1m[36mActiveRecord::SchemaMigration Load (0.3ms)[0m  [1m[34mSELECT "schema_migrations"."version" FROM "schema_migrations" ORDER BY "schema_migrations"."version" ASC /*application='Backend'*/[0m
  [1m[36mPhoto Delete All (0.2ms)[0m  [1m[31mDELETE FROM "photos" /*application='Backend'*/[0m
  [1m[36mTRANSACTION (0.0ms)[0m  [1m[35mBEGIN immediate TRANSACTION /*application='Backend'*/[0m
  [1m[36mPhoto Create (0.5ms)[0m  [1m[32mINSERT INTO "photos" ("title", "image_url", "category", "created_at", "updated_at", "photographer") VALUES ('Golden Crispy Delight', 'https://kothihaaung.github.io/assets/images/food/burger1.jpg', 'Burger', '2026-04-07 07:33:37.613922', '2026-04-07 07:33:37.613922', 'Isabella Nguyen') RETURNING "id" /*application='Backend'*/[0m
  [1m[36mTRANSACTION (0.0ms)[0m  [1m[35mCOMMIT TRANSACTION /*application='Backend'*/[0m
  [1m[36mTRANSACTION (0.0ms)[0m  [1m[35mBEGIN immediate TRANSACTION /*application='Backend'*/[0m
  [1m[36mPhoto Create (0.4ms)[0m  [1m[32mINSERT INTO "photos" ("title", "image_url", "category", "created_at", "updated_at", "photographer") VALUES ('Midnight Snack Attack', 'https://kothihaaung.github.io/assets/images/food/burger2.jpg', 'Burger', '2026-04-07 07:33:37.615505', '2026-04-07 07:33:37.615505', 'Liam Wong') RETURNING "id" /*application='Backend'*/[0m
  [1m[36mTRANSACTION (0.0ms)[0m  [1m[35mCOMMIT TRANSACTION /*application='Backend'*/[0m
  [1m[36mTRANSACTION (0.0ms)[0m  [1m[35mBEGIN immediate TRANSACTION /*application='Backend'*/[0m
  [1m[36mPhoto Create (0.4ms)[0m  [1m[32mINSERT INTO "photos" ("title", "image_url", "category", "created_at", "updated_at", "photographer") VALUES ('Flavors of the East', 'https://kothihaaung.github.io/assets/images/food/burger3.jpg', 'Burger', '2026-04-07 07:33:37.616642', '2026-04-07 07:33:37.616642', 'Liam Wong') RETURNING "id" /*application='Backend'*/[0m
  [1m[36mTRANSACTION (0.0ms)[0m  [1m[35mCOMMIT TRANSACTION /*application='Backend'*/[0m
  [1m[36mTRANSACTION (0.0ms)[0m  [1m[35mBEGIN immediate TRANSACTION /*application='Backend'*/[0m
  [1m[36mPhoto Create (0.4ms)[0m  [1m[32mINSERT INTO "photos" ("title", "image_url", "category", "created_at", "updated_at", "photographer") VALUES ('Sweet Tooth Fantasy', 'https://kothihaaung.github.io/assets/images/food/cookie1.jpg', 'Cookie', '2026-04-07 07:33:37.617807', '2026-04-07 07:33:37.617807', 'Isabella Nguyen') RETURNING "id" /*application='Backend'*/[0m
  [1m[36mTRANSACTION (0.0ms)[0m  [1m[35mCOMMIT TRANSACTION /*application='Backend'*/[0m
  [1m[36mTRANSACTION (0.0ms)[0m  [1m[35mBEGIN immediate TRANSACTION /*application='Backend'*/[0m
  [1m[36mPhoto Create (0.4ms)[0m  [1m[32mINSERT INTO "photos" ("title", "image_url", "category", "created_at", "updated_at", "photographer") VALUES ('Charred to Perfection', 'https://kothihaaung.github.io/assets/images/food/fish1.jpg', 'Fish', '2026-04-07 07:33:37.618925', '2026-04-07 07:33:37.618925', 'Sophie Mehta') RETURNING "id" /*application='Backend'*/[0m
  [1m[36mTRANSACTION (0.0ms)[0m  [1m[35mCOMMIT TRANSACTION /*application='Backend'*/[0m
  [1m[36mTRANSACTION (0.0ms)[0m  [1m[35mBEGIN immediate TRANSACTION /*application='Backend'*/[0m
  [1m[36mPhoto Create (0.4ms)[0m  [1m[32mINSERT INTO "photos" ("title", "image_url", "category", "created_at", "updated_at", "photographer") VALUES ('Ocean on a Plate', 'https://kothihaaung.github.io/assets/images/food/grill1.jpg', 'Grill', '2026-04-07 07:33:37.620051', '2026-04-07 07:33:37.620051', 'Lucas Kim') RETURNING "id" /*application='Backend'*/[0m
  [1m[36mTRANSACTION (0.0ms)[0m  [1m[35mCOMMIT TRANSACTION /*application='Backend'*/[0m
  [1m[36mTRANSACTION (0.0ms)[0m  [1m[35mBEGIN immediate TRANSACTION /*application='Backend'*/[0m
  [1m[36mPhoto Create (0.4ms)[0m  [1m[32mINSERT INTO "photos" ("title", "image_url", "category", "created_at", "updated_at", "photographer") VALUES ('Melting Moments', 'https://kothihaaung.github.io/assets/images/food/ice-cream1.jpg', 'Ice cream', '2026-04-07 07:33:37.621181', '2026-04-07 07:33:37.621181', 'Liam Wong') RETURNING "id" /*application='Backend'*/[0m
  [1m[36mTRANSACTION (0.0ms)[0m  [1m[35mCOMMIT TRANSACTION /*application='Backend'*/[0m
  [1m[36mTRANSACTION (0.0ms)[0m  [1m[35mBEGIN immediate TRANSACTION /*application='Backend'*/[0m
  [1m[36mPhoto Create (0.4ms)[0m  [1m[32mINSERT INTO "photos" ("title", "image_url", "category", "created_at", "updated_at", "photographer") VALUES ('Piled High & Proud', 'https://kothihaaung.github.io/assets/images/food/ice-cream2.jpg', 'Ice cream', '2026-04-07 07:33:37.622292', '2026-04-07 07:33:37.622292', 'Mia Choi') RETURNING "id" /*application='Backend'*/[0m
  [1m[36mTRANSACTION (0.1ms)[0m  [1m[35mCOMMIT TRANSACTION /*application='Backend'*/[0m
  [1m[36mTRANSACTION (0.0ms)[0m  [1m[35mBEGIN immediate TRANSACTION /*application='Backend'*/[0m
  [1m[36mPhoto Create (6.1ms)[0m  [1m[32mINSERT INTO "photos" ("title", "image_url", "category", "created_at", "updated_at", "photographer") VALUES ('Dreamy Dessert Daze', 'https://kothihaaung.github.io/assets/images/food/ice-cream3.jpg', 'Ice cream', '2026-04-07 07:33:37.623891', '2026-04-07 07:33:37.623891', 'Ethan Becker') RETURNING "id" /*application='Backend'*/[0m
  [1m[36mTRANSACTION (0.1ms)[0m  [1m[35mCOMMIT TRANSACTION /*application='Backend'*/[0m
  [1m[36mTRANSACTION (0.1ms)[0m  [1m[35mBEGIN immediate TRANSACTION /*application='Backend'*/[0m
  [1m[36mPhoto Create (0.7ms)[0m  [1m[32mINSERT INTO "photos" ("title", "image_url", "category", "created_at", "updated_at", "photographer") VALUES ('Stacked Sunday Treats', 'https://kothihaaung.github.io/assets/images/food/pan-cake1.jpg', 'Pan cake', '2026-04-07 07:33:37.631637', '2026-04-07 07:33:37.631637', 'Emily Tran') RETURNING "id" /*application='Backend'*/[0m
  [1m[36mTRANSACTION (0.1ms)[0m  [1m[35mCOMMIT TRANSACTION /*application='Backend'*/[0m
  [1m[36mTRANSACTION (0.0ms)[0m  [1m[35mBEGIN immediate TRANSACTION /*application='Backend'*/[0m
  [1m[36mPhoto Create (0.5ms)[0m  [1m[32mINSERT INTO "photos" ("title", "image_url", "category", "created_at", "updated_at", "photographer") VALUES ('A Taste of Italy', 'https://kothihaaung.github.io/assets/images/food/pasta1.jpg', 'Pasta', '2026-04-07 07:33:37.633551', '2026-04-07 07:33:37.633551', 'Mia Choi') RETURNING "id" /*application='Backend'*/[0m
  [1m[36mTRANSACTION (0.0ms)[0m  [1m[35mCOMMIT TRANSACTION /*application='Backend'*/[0m
  [1m[36mTRANSACTION (0.0ms)[0m  [1m[35mBEGIN immediate TRANSACTION /*application='Backend'*/[0m
  [1m[36mPhoto Create (0.7ms)[0m  [1m[32mINSERT INTO "photos" ("title", "image_url", "category", "created_at", "updated_at", "photographer") VALUES ('Noodle Nirvana', 'https://kothihaaung.github.io/assets/images/food/pasta2.jpg', 'Pasta', '2026-04-07 07:33:37.635207', '2026-04-07 07:33:37.635207', 'Ava Smith') RETURNING "id" /*application='Backend'*/[0m
  [1m[36mTRANSACTION (0.0ms)[0m  [1m[35mCOMMIT TRANSACTION /*application='Backend'*/[0m
  [1m[36mTRANSACTION (0.0ms)[0m  [1m[35mBEGIN immediate TRANSACTION /*application='Backend'*/[0m
  [1m[36mPhoto Create (0.6ms)[0m  [1m[32mINSERT INTO "photos" ("title", "image_url", "category", "created_at", "updated_at", "photographer") VALUES ('Slice of Heaven', 'https://kothihaaung.github.io/assets/images/food/pizza1.jpg', 'Pizza', '2026-04-07 07:33:37.637199', '2026-04-07 07:33:37.637199', 'Ethan Becker') RETURNING "id" /*application='Backend'*/[0m
  [1m[36mTRANSACTION (0.0ms)[0m  [1m[35mCOMMIT TRANSACTION /*application='Backend'*/[0m
  [1m[36mTRANSACTION (0.0ms)[0m  [1m[35mBEGIN immediate TRANSACTION /*application='Backend'*/[0m
  [1m[36mPhoto Create (0.7ms)[0m  [1m[32mINSERT INTO "photos" ("title", "image_url", "category", "created_at", "updated_at", "photographer") VALUES ('Rolling in Flavor', 'https://kothihaaung.github.io/assets/images/food/pizza2.jpg', 'Pizza', '2026-04-07 07:33:37.639053', '2026-04-07 07:33:37.639053', 'Lucas Kim') RETURNING "id" /*application='Backend'*/[0m
  [1m[36mTRANSACTION (0.0ms)[0m  [1m[35mCOMMIT TRANSACTION /*application='Backend'*/[0m
  [1m[36mTRANSACTION (0.0ms)[0m  [1m[35mBEGIN immediate TRANSACTION /*application='Backend'*/[0m
  [1m[36mPhoto Create (0.4ms)[0m  [1m[32mINSERT INTO "photos" ("title", "image_url", "category", "created_at", "updated_at", "photographer") VALUES ('Frosted Fun', 'https://kothihaaung.github.io/assets/images/food/pizza3.jpg', 'Pizza', '2026-04-07 07:33:37.640795', '2026-04-07 07:33:37.640795', 'Emily Tran') RETURNING "id" /*application='Backend'*/[0m
  [1m[36mTRANSACTION (0.0ms)[0m  [1m[35mCOMMIT TRANSACTION /*application='Backend'*/[0m
  [1m[36mTRANSACTION (0.0ms)[0m  [1m[35mBEGIN immediate TRANSACTION /*application='Backend'*/[0m
  [1m[36mPhoto Create (0.5ms)[0m  [1m[32mINSERT INTO "photos" ("title", "image_url", "category", "created_at", "updated_at", "photographer") VALUES ('Street Food Magic', 'https://kothihaaung.github.io/assets/images/food/ramen1.jpg', 'Ramen', '2026-04-07 07:33:37.641923', '2026-04-07 07:33:37.641923', 'Emily Tran') RETURNING "id" /*application='Backend'*/[0m
  [1m[36mTRANSACTION (0.0ms)[0m  [1m[35mCOMMIT TRANSACTION /*application='Backend'*/[0m
  [1m[36mTRANSACTION (0.0ms)[0m  [1m[35mBEGIN immediate TRANSACTION /*application='Backend'*/[0m
  [1m[36mPhoto Create (0.4ms)[0m  [1m[32mINSERT INTO "photos" ("title", "image_url", "category", "created_at", "updated_at", "photographer") VALUES ('Crunchy & Creamy', 'https://kothihaaung.github.io/assets/images/food/sushi1.jpg', 'Sushi', '2026-04-07 07:33:37.643252', '2026-04-07 07:33:37.643252', 'Noah Tanaka') RETURNING "id" /*application='Backend'*/[0m
  [1m[36mTRANSACTION (0.0ms)[0m  [1m[35mCOMMIT TRANSACTION /*application='Backend'*/[0m
  [1m[36mTRANSACTION (0.0ms)[0m  [1m[35mBEGIN immediate TRANSACTION /*application='Backend'*/[0m
  [1m[36mPhoto Create (0.4ms)[0m  [1m[32mINSERT INTO "photos" ("title", "image_url", "category", "created_at", "updated_at", "photographer") VALUES ('Pantry Gourmet', 'https://kothihaaung.github.io/assets/images/food/sushi2.jpg', 'Sushi', '2026-04-07 07:33:37.644338', '2026-04-07 07:33:37.644338', 'Mia Choi') RETURNING "id" /*application='Backend'*/[0m
  [1m[36mTRANSACTION (0.0ms)[0m  [1m[35mCOMMIT TRANSACTION /*application='Backend'*/[0m
  [1m[36mTRANSACTION (0.0ms)[0m  [1m[35mBEGIN immediate TRANSACTION /*application='Backend'*/[0m
  [1m[36mPhoto Create (0.4ms)[0m  [1m[32mINSERT INTO "photos" ("title", "image_url", "category", "created_at", "updated_at", "photographer") VALUES ('Classic Comfort', 'https://kothihaaung.github.io/assets/images/food/sushi3.jpg', 'Sushi', '2026-04-07 07:33:37.645446', '2026-04-07 07:33:37.645446', 'Mia Choi') RETURNING "id" /*application='Backend'*/[0m
  [1m[36mTRANSACTION (0.0ms)[0m  [1m[35mCOMMIT TRANSACTION /*application='Backend'*/[0m
  [1m[36mTRANSACTION (0.0ms)[0m  [1m[35mBEGIN immediate TRANSACTION /*application='Backend'*/[0m
  [1m[36mPhoto Create (0.4ms)[0m  [1m[32mINSERT INTO "photos" ("title", "image_url", "category", "created_at", "updated_at", "photographer") VALUES ('Seaside Sunset', 'https://kothihaaung.github.io/assets/images/food/taco1.jpg', 'Taco', '2026-04-07 07:33:37.646538', '2026-04-07 07:33:37.646538', 'Oliver Li') RETURNING "id" /*application='Backend'*/[0m
  [1m[36mTRANSACTION (0.0ms)[0m  [1m[35mCOMMIT TRANSACTION /*application='Backend'*/[0m
  [1m[36mTRANSACTION (0.0ms)[0m  [1m[35mBEGIN immediate TRANSACTION /*application='Backend'*/[0m
  [1m[36mPhoto Create (0.6ms)[0m  [1m[32mINSERT INTO "photos" ("title", "image_url", "category", "created_at", "updated_at", "photographer") VALUES ('Golden Crispy Delight', 'https://kothihaaung.github.io/assets/images/food/toast1.jpg', 'Toast', '2026-04-07 07:33:37.651671', '2026-04-07 07:33:37.651671', 'Liam Wong') RETURNING "id" /*application='Backend'*/[0m
  [1m[36mTRANSACTION (0.0ms)[0m  [1m[35mCOMMIT TRANSACTION /*application='Backend'*/[0m
Started GET "/api/v1/photos" for 172.20.10.12 at 2026-04-07 14:36:31 +0700
  [1m[36mActiveRecord::SchemaMigration Load (0.3ms)[0m  [1m[34mSELECT "schema_migrations"."version" FROM "schema_migrations" ORDER BY "schema_migrations"."version" ASC /*application='Backend'*/[0m
Processing by Api::V1::PhotosController#index as HTML
  [1m[36mPhoto Load (0.9ms)[0m  [1m[34mSELECT "photos".* FROM "photos" /*action='index',application='Backend',controller='photos'*/[0m
  ↳ app/controllers/api/v1/photos_controller.rb:9:in `index'
Completed 200 OK in 17ms (Views: 3.8ms | ActiveRecord: 1.5ms (1 query, 0 cached) | GC: 0.0ms)


  [1m[36mActiveRecord::InternalMetadata Load (0.9ms)[0m  [1m[34mSELECT * FROM "ar_internal_metadata" WHERE "ar_internal_metadata"."key" = 'environment' ORDER BY "ar_internal_metadata"."key" ASC LIMIT 1 /*application='Backend'*/[0m
  [1m[36mActiveRecord::SchemaMigration Load (0.1ms)[0m  [1m[34mSELECT "schema_migrations"."version" FROM "schema_migrations" ORDER BY "schema_migrations"."version" ASC /*application='Backend'*/[0m
Migrating to CreateCategories (20260407082639)
  [1m[36mTRANSACTION (0.1ms)[0m  [1m[35mBEGIN immediate TRANSACTION /*application='Backend'*/[0m
  [1m[35m (7.7ms)[0m  [1m[35mCREATE TABLE "categories" ("id" integer PRIMARY KEY AUTOINCREMENT NOT NULL, "name" varchar, "created_at" datetime(6) NOT NULL, "updated_at" datetime(6) NOT NULL) /*application='Backend'*/[0m
  [1m[36mActiveRecord::SchemaMigration Create (0.0ms)[0m  [1m[32mINSERT INTO "schema_migrations" ("version") VALUES ('20260407082639') RETURNING "version" /*application='Backend'*/[0m
  [1m[36mTRANSACTION (0.4ms)[0m  [1m[35mCOMMIT TRANSACTION /*application='Backend'*/[0m
Migrating to CreateRecipes (20260407082640)
  [1m[36mTRANSACTION (0.0ms)[0m  [1m[35mBEGIN immediate TRANSACTION /*application='Backend'*/[0m
  [1m[35m (0.7ms)[0m  [1m[35mCREATE TABLE "recipes" ("id" integer PRIMARY KEY AUTOINCREMENT NOT NULL, "title" varchar, "description" text, "ingredients" text, "instructions" text, "image_url" varchar, "cooking_time" integer, "difficulty" varchar, "premium" boolean, "price" decimal, "category_id" integer NOT NULL, "created_at" datetime(6) NOT NULL, "updated_at" datetime(6) NOT NULL, CONSTRAINT "fk_rails_22f4e84158"
FOREIGN KEY ("category_id")
  REFERENCES "categories" ("id")
) /*application='Backend'*/[0m
  [1m[35m (0.1ms)[0m  [1m[35mCREATE INDEX "index_recipes_on_category_id" ON "recipes" ("category_id") /*application='Backend'*/[0m
  [1m[36mActiveRecord::SchemaMigration Create (0.1ms)[0m  [1m[32mINSERT INTO "schema_migrations" ("version") VALUES ('20260407082640') RETURNING "version" /*application='Backend'*/[0m
  [1m[36mTRANSACTION (0.5ms)[0m  [1m[35mCOMMIT TRANSACTION /*application='Backend'*/[0m
Migrating to CreateUsers (20260407082641)
  [1m[36mTRANSACTION (0.0ms)[0m  [1m[35mBEGIN immediate TRANSACTION /*application='Backend'*/[0m
  [1m[35m (0.5ms)[0m  [1m[35mCREATE TABLE "users" ("id" integer PRIMARY KEY AUTOINCREMENT NOT NULL, "email" varchar, "password_digest" varchar, "stripe_customer_id" varchar, "created_at" datetime(6) NOT NULL, "updated_at" datetime(6) NOT NULL) /*application='Backend'*/[0m
  [1m[36mActiveRecord::SchemaMigration Create (0.0ms)[0m  [1m[32mINSERT INTO "schema_migrations" ("version") VALUES ('20260407082641') RETURNING "version" /*application='Backend'*/[0m
  [1m[36mTRANSACTION (0.1ms)[0m  [1m[35mCOMMIT TRANSACTION /*application='Backend'*/[0m
Migrating to CreateOrders (20260407082642)
  [1m[36mTRANSACTION (0.0ms)[0m  [1m[35mBEGIN immediate TRANSACTION /*application='Backend'*/[0m
  [1m[35m (0.5ms)[0m  [1m[35mCREATE TABLE "orders" ("id" integer PRIMARY KEY AUTOINCREMENT NOT NULL, "user_id" integer NOT NULL, "recipe_id" integer NOT NULL, "stripe_payment_intent_id" varchar, "status" varchar, "created_at" datetime(6) NOT NULL, "updated_at" datetime(6) NOT NULL, CONSTRAINT "fk_rails_f868b47f6a"
FOREIGN KEY ("user_id")
  REFERENCES "users" ("id")
, CONSTRAINT "fk_rails_056152a108"
FOREIGN KEY ("recipe_id")
  REFERENCES "recipes" ("id")
) /*application='Backend'*/[0m
  [1m[35m (0.0ms)[0m  [1m[35mCREATE INDEX "index_orders_on_user_id" ON "orders" ("user_id") /*application='Backend'*/[0m
  [1m[35m (0.0ms)[0m  [1m[35mCREATE INDEX "index_orders_on_recipe_id" ON "orders" ("recipe_id") /*application='Backend'*/[0m
  [1m[36mActiveRecord::SchemaMigration Create (0.0ms)[0m  [1m[32mINSERT INTO "schema_migrations" ("version") VALUES ('20260407082642') RETURNING "version" /*application='Backend'*/[0m
  [1m[36mTRANSACTION (0.2ms)[0m  [1m[35mCOMMIT TRANSACTION /*application='Backend'*/[0m
Migrating to CreateSubscriptions (20260407082643)
  [1m[36mTRANSACTION (0.0ms)[0m  [1m[35mBEGIN immediate TRANSACTION /*application='Backend'*/[0m
  [1m[35m (0.5ms)[0m  [1m[35mCREATE TABLE "subscriptions" ("id" integer PRIMARY KEY AUTOINCREMENT NOT NULL, "user_id" integer NOT NULL, "stripe_subscription_id" varchar, "status" varchar, "created_at" datetime(6) NOT NULL, "updated_at" datetime(6) NOT NULL, CONSTRAINT "fk_rails_933bdff476"
FOREIGN KEY ("user_id")
  REFERENCES "users" ("id")
) /*application='Backend'*/[0m
  [1m[35m (0.0ms)[0m  [1m[35mCREATE INDEX "index_subscriptions_on_user_id" ON "subscriptions" ("user_id") /*application='Backend'*/[0m
  [1m[36mActiveRecord::SchemaMigration Create (0.0ms)[0m  [1m[32mINSERT INTO "schema_migrations" ("version") VALUES ('20260407082643') RETURNING "version" /*application='Backend'*/[0m
  [1m[36mTRANSACTION (0.1ms)[0m  [1m[35mCOMMIT TRANSACTION /*application='Backend'*/[0m
  [1m[36mActiveRecord::SchemaMigration Load (0.0ms)[0m  [1m[34mSELECT "schema_migrations"."version" FROM "schema_migrations" ORDER BY "schema_migrations"."version" ASC /*application='Backend'*/[0m
  [1m[36mActiveRecord::SchemaMigration Load (0.5ms)[0m  [1m[34mSELECT "schema_migrations"."version" FROM "schema_migrations" ORDER BY "schema_migrations"."version" ASC /*application='Backend'*/[0m
  [1m[36mCategory Load (0.1ms)[0m  [1m[34mSELECT "categories".* FROM "categories" /*application='Backend'*/[0m
  [1m[36mRecipe Load (0.8ms)[0m  [1m[34mSELECT "recipes".* FROM "recipes" /*application='Backend'*/[0m
  [1m[36mTRANSACTION (0.0ms)[0m  [1m[35mBEGIN immediate TRANSACTION /*application='Backend'*/[0m
  [1m[36mCategory Create (1.1ms)[0m  [1m[32mINSERT INTO "categories" ("name", "created_at", "updated_at") VALUES ('Breakfast', '2026-04-07 08:27:17.769397', '2026-04-07 08:27:17.769397') RETURNING "id" /*application='Backend'*/[0m
  [1m[36mTRANSACTION (0.3ms)[0m  [1m[35mCOMMIT TRANSACTION /*application='Backend'*/[0m
  [1m[36mTRANSACTION (0.0ms)[0m  [1m[35mBEGIN immediate TRANSACTION /*application='Backend'*/[0m
  [1m[36mCategory Create (0.6ms)[0m  [1m[32mINSERT INTO "categories" ("name", "created_at", "updated_at") VALUES ('Main Dishes', '2026-04-07 08:27:17.772314', '2026-04-07 08:27:17.772314') RETURNING "id" /*application='Backend'*/[0m
  [1m[36mTRANSACTION (0.1ms)[0m  [1m[35mCOMMIT TRANSACTION /*application='Backend'*/[0m
  [1m[36mTRANSACTION (0.0ms)[0m  [1m[35mBEGIN immediate TRANSACTION /*application='Backend'*/[0m
  [1m[36mCategory Create (0.5ms)[0m  [1m[32mINSERT INTO "categories" ("name", "created_at", "updated_at") VALUES ('Desserts', '2026-04-07 08:27:17.773975', '2026-04-07 08:27:17.773975') RETURNING "id" /*application='Backend'*/[0m
  [1m[36mTRANSACTION (0.1ms)[0m  [1m[35mCOMMIT TRANSACTION /*application='Backend'*/[0m
  [1m[36mTRANSACTION (0.0ms)[0m  [1m[35mBEGIN immediate TRANSACTION /*application='Backend'*/[0m
  [1m[36mCategory Create (0.6ms)[0m  [1m[32mINSERT INTO "categories" ("name", "created_at", "updated_at") VALUES ('Vegan', '2026-04-07 08:27:17.775457', '2026-04-07 08:27:17.775457') RETURNING "id" /*application='Backend'*/[0m
  [1m[36mTRANSACTION (0.1ms)[0m  [1m[35mCOMMIT TRANSACTION /*application='Backend'*/[0m
  [1m[36mTRANSACTION (0.0ms)[0m  [1m[35mBEGIN immediate TRANSACTION /*application='Backend'*/[0m
  [1m[36mRecipe Create (0.8ms)[0m  [1m[32mINSERT INTO "recipes" ("title", "description", "ingredients", "instructions", "image_url", "cooking_time", "difficulty", "premium", "price", "category_id", "created_at", "updated_at") VALUES ('Classic Avocado Toast', 'A simple and delicious breakfast favorite with a twist of chili flakes and lemon juice.', '["2 slices of sourdough bread","1 ripe avocado","1/2 lemon juice","Red pepper flakes","Sea salt","Olive oil"]', '["Toast the bread until golden brown.","Mash the avocado with lemon juice, salt, and pepper flakes.","Spread the mixture onto the toast.","Drizzle with olive oil and serve."]', 'https://images.unsplash.com/photo-1525351484163-7529414344d8?q=80&w=1000&auto=format&fit=crop', 10, 'Easy', 0, 0.0, 1, '2026-04-07 08:27:17.787144', '2026-04-07 08:27:17.787144') RETURNING "id" /*application='Backend'*/[0m
  [1m[36mTRANSACTION (0.1ms)[0m  [1m[35mCOMMIT TRANSACTION /*application='Backend'*/[0m
  [1m[36mTRANSACTION (0.0ms)[0m  [1m[35mBEGIN immediate TRANSACTION /*application='Backend'*/[0m
  [1m[36mRecipe Create (0.7ms)[0m  [1m[32mINSERT INTO "recipes" ("title", "description", "ingredients", "instructions", "image_url", "cooking_time", "difficulty", "premium", "price", "category_id", "created_at", "updated_at") VALUES ('Truffle Mushroom Risotto', 'Creamy Italian rice dish infused with earthy mushrooms and luxurious truffle oil.', '["300g Arborio rice","200g mixed mushrooms","1L vegetable broth","1/2 cup white wine","2 tbsp truffle oil","Parmesan cheese","Shallots","Garlic"]', '["Sauté shallots and garlic in olive oil.","Add mushrooms and cook until browned.","Add rice and toast for 2 minutes.","Add wine and stir until evaporated.","Gradually add broth, one ladle at a time, until rice is tender.","Stir in parmesan and drizzle with truffle oil."]', 'https://images.unsplash.com/photo-1476124369491-e7addf5db371?q=80&w=1000&auto=format&fit=crop', 40, 'Medium', 1, 4.99, 2, '2026-04-07 08:27:17.790083', '2026-04-07 08:27:17.790083') RETURNING "id" /*application='Backend'*/[0m
  [1m[36mTRANSACTION (0.1ms)[0m  [1m[35mCOMMIT TRANSACTION /*application='Backend'*/[0m
  [1m[36mTRANSACTION (0.0ms)[0m  [1m[35mBEGIN immediate TRANSACTION /*application='Backend'*/[0m
  [1m[36mRecipe Create (0.6ms)[0m  [1m[32mINSERT INTO "recipes" ("title", "description", "ingredients", "instructions", "image_url", "cooking_time", "difficulty", "premium", "price", "category_id", "created_at", "updated_at") VALUES ('Signature Berry Smoothie Bowl', 'A nutrient-packed bowl of mixed berries, banana, and almond milk topped with granola.', '["1 cup frozen mixed berries","1 frozen banana","1/2 cup almond milk","Granola","Chia seeds","Fresh blueberries"]', '["Blend berries, banana, and milk until smooth.","Pour into a bowl.","Top with granola, chia seeds, and fresh berries.","Serve immediately."]', 'https://images.unsplash.com/photo-1494597564530-871f2b93ac55?q=80&w=1000&auto=format&fit=crop', 5, 'Easy', 0, 0.0, 1, '2026-04-07 08:27:17.792357', '2026-04-07 08:27:17.792357') RETURNING "id" /*application='Backend'*/[0m
  [1m[36mTRANSACTION (0.1ms)[0m  [1m[35mCOMMIT TRANSACTION /*application='Backend'*/[0m
  [1m[36mTRANSACTION (0.0ms)[0m  [1m[35mBEGIN immediate TRANSACTION /*application='Backend'*/[0m
  [1m[36mRecipe Create (0.5ms)[0m  [1m[32mINSERT INTO "recipes" ("title", "description", "ingredients", "instructions", "image_url", "cooking_time", "difficulty", "premium", "price", "category_id", "created_at", "updated_at") VALUES ('Pan-Seared Salmon with Asparagus', 'Wild-caught salmon fillet seasoned with lemon and herbs, served with tender asparagus.', '["2 salmon fillets","1 bunch asparagus","2 tbsp butter","Lemon slices","Fresh dill","Salt \u0026 Pepper"]', '["Season salmon with salt and pepper.","Heat butter in a large skillet over medium-high heat.","Cook salmon for 4 minutes on each side.","Add asparagus to the skillet and cook until tender.","Garnish with lemon and dill."]', 'https://images.unsplash.com/photo-1467003909585-2f8a72700288?q=80&w=1000&auto=format&fit=crop', 15, 'Medium', 1, 3.5, 2, '2026-04-07 08:27:17.794024', '2026-04-07 08:27:17.794024') RETURNING "id" /*application='Backend'*/[0m
  [1m[36mTRANSACTION (0.1ms)[0m  [1m[35mCOMMIT TRANSACTION /*application='Backend'*/[0m
  [1m[36mCategory Count (0.0ms)[0m  [1m[34mSELECT COUNT(*) FROM "categories" /*application='Backend'*/[0m
  [1m[36mRecipe Count (0.0ms)[0m  [1m[34mSELECT COUNT(*) FROM "recipes" /*application='Backend'*/[0m
